Name,Year,Runs,4s,6s,SR,PID
Aaron Finch,2011,408,30,12,133.9,Aaron Finch-2011
Aaron Finch,2012,216,36,0,156.5,Aaron Finch-2012
Aaron Finch,2013,4656,552,162,88.5,Aaron Finch-2013
Aaron Finch,2014,7080,738,168,92.7,Aaron Finch-2014
Aaron Finch,2015,3366,348,54,84.8,Aaron Finch-2015
Aaron Finch,2016,5238,540,174,94.6,Aaron Finch-2016
Aaron Finch,2017,3378,348,96,100.3,Aaron Finch-2017
Aaron Finch,2018,6144,498,264,111.4,Aaron Finch-2018
Aaron Finch,2019,8136,720,282,82.8,Aaron Finch-2019
Aaron Finch,2020,5664,594,126,96.9,Aaron Finch-2020
Aaron Finch,2021,2754,270,96,99.7,Aaron Finch-2021
Aaron Finch,2022,4116,372,90,85.9,Aaron Finch-2022
Abhimanyu Mithun,2010,56,0,4,64.7,Abhimanyu Mithun-2010
Abhimanyu Mithun,2011,46,4,4,143.8,Abhimanyu Mithun-2011
Abhishek Nayar,2009,0,0,0,0.0,Abhishek Nayar-2009
Adam Milne,2010,9,0,0,42.9,Adam Milne-2010
Adam Milne,2012,36,3,3,400.0,Adam Milne-2012
Adam Milne,2014,6,0,0,66.7,Adam Milne-2014
Adam Milne,2015,225,9,3,72.6,Adam Milne-2015
Adam Milne,2016,177,12,6,99.7,Adam Milne-2016
Adam Milne,2017,114,12,0,100.4,Adam Milne-2017
Adam Milne,2018,0,0,0,0.0,Adam Milne-2018
Adam Milne,2021,36,0,3,120.8,Adam Milne-2021
Adam Milne,2022,18,0,3,60.0,Adam Milne-2022
Adam Milne,2023,9,0,0,75.0,Adam Milne-2023
Adam Zampa,2016,57,3,1,79.3,Adam Zampa-2016
Adam Zampa,2017,10,1,0,69.6,Adam Zampa-2017
Adam Zampa,2018,45,4,0,57.8,Adam Zampa-2018
Adam Zampa,2019,11,0,0,63.5,Adam Zampa-2019
Adam Zampa,2020,28,2,0,68.6,Adam Zampa-2020
Adam Zampa,2021,70,8,0,84.4,Adam Zampa-2021
Adam Zampa,2022,33,3,0,40.8,Adam Zampa-2022
Adam Zampa,2023,10,1,0,45.5,Adam Zampa-2023
Aiden Markram,2017,66,4,2,110.0,Aiden Markram-2017
Aiden Markram,2018,341,45,7,79.8,Aiden Markram-2018
Aiden Markram,2019,254,28,2,79.2,Aiden Markram-2019
Aiden Markram,2021,770,60,36,122.4,Aiden Markram-2021
Aiden Markram,2022,536,52,12,108.6,Aiden Markram-2022
Aiden Markram,2023,439,43,14,132.3,Aiden Markram-2023
Ajantha Mendis,2008,57,6,0,98.4,Ajantha Mendis-2008
Ajantha Mendis,2009,36,1,0,59.8,Ajantha Mendis-2009
Ajantha Mendis,2010,5,0,0,51.4,Ajantha Mendis-2010
Ajantha Mendis,2011,15,2,0,42.2,Ajantha Mendis-2011
Ajantha Mendis,2012,4,0,0,36.5,Ajantha Mendis-2012
Ajantha Mendis,2013,21,2,1,43.9,Ajantha Mendis-2013
Ajantha Mendis,2014,33,5,0,101.9,Ajantha Mendis-2014
Ajantha Mendis,2015,25,1,1,77.5,Ajantha Mendis-2015
Ajinkya Rahane,2011,1203,123,9,63.8,Ajinkya Rahane-2011
Ajinkya Rahane,2012,366,30,12,97.7,Ajinkya Rahane-2012
Ajinkya Rahane,2013,339,36,3,45.0,Ajinkya Rahane-2013
Ajinkya Rahane,2014,2490,258,36,69.6,Ajinkya Rahane-2014
Ajinkya Rahane,2015,2277,210,24,76.5,Ajinkya Rahane-2015
Ajinkya Rahane,2016,1158,102,15,82.0,Ajinkya Rahane-2016
Ajinkya Rahane,2017,1758,189,12,67.1,Ajinkya Rahane-2017
Ajinkya Rahane,2018,420,27,6,68.4,Ajinkya Rahane-2018
Akila Dananjaya,2012,0,0,0,0.0,Akila Dananjaya-2012
Akila Dananjaya,2017,138,13,0,70.3,Akila Dananjaya-2017
Akila Dananjaya,2018,169,14,3,92.4,Akila Dananjaya-2018
Akila Dananjaya,2019,25,3,0,54.0,Akila Dananjaya-2019
Akila Dananjaya,2021,20,1,0,115.0,Akila Dananjaya-2021
Albie Morkel,2004,80,8,0,74.9,Albie Morkel-2004
Albie Morkel,2005,68,6,4,106.2,Albie Morkel-2005
Albie Morkel,2006,54,2,6,150.0,Albie Morkel-2006
Albie Morkel,2007,606,48,26,89.5,Albie Morkel-2007
Albie Morkel,2008,250,16,16,113.4,Albie Morkel-2008
Albie Morkel,2009,902,84,30,130.5,Albie Morkel-2009
Albie Morkel,2010,284,16,16,95.4,Albie Morkel-2010
Albie Morkel,2012,362,20,20,150.8,Albie Morkel-2012
Albie Morkel,2014,102,0,10,154.3,Albie Morkel-2014
Alex Carey,2018,324,27,6,98.6,Alex Carey-2018
Alex Carey,2019,605,69,3,95.5,Alex Carey-2019
Alex Carey,2020,338,26,5,82.1,Alex Carey-2020
Alex Carey,2021,169,15,3,65.0,Alex Carey-2021
Alex Carey,2022,426,34,3,83.5,Alex Carey-2022
Alex Carey,2023,38,2,1,82.6,Alex Carey-2023
Alex Hales,2011,75,8,1,52.3,Alex Hales-2011
Alex Hales,2012,343,32,10,120.8,Alex Hales-2012
Alex Hales,2013,247,29,8,137.4,Alex Hales-2013
Alex Hales,2014,523,56,16,95.4,Alex Hales-2014
Alex Hales,2015,502,52,15,84.8,Alex Hales-2015
Alex Hales,2016,889,105,14,95.0,Alex Hales-2016
Alex Hales,2017,661,79,16,107.0,Alex Hales-2017
Alex Hales,2018,679,74,20,91.7,Alex Hales-2018
Alex Hales,2019,144,16,5,133.2,Alex Hales-2019
Alex Hales,2022,430,50,15,119.7,Alex Hales-2022
Alzarri Joseph,2016,4,0,0,33.3,Alzarri Joseph-2016
Alzarri Joseph,2017,144,8,4,85.9,Alzarri Joseph-2017
Alzarri Joseph,2018,60,4,4,79.0,Alzarri Joseph-2018
Alzarri Joseph,2019,2,0,0,12.5,Alzarri Joseph-2019
Alzarri Joseph,2020,32,6,0,20.5,Alzarri Joseph-2020
Alzarri Joseph,2021,138,14,6,72.1,Alzarri Joseph-2021
Alzarri Joseph,2022,342,22,16,77.6,Alzarri Joseph-2022
Alzarri Joseph,2023,56,4,4,106.3,Alzarri Joseph-2023
Ambati Rayudu,2013,202,12,0,52.0,Ambati Rayudu-2013
Ambati Rayudu,2014,1174,98,22,74.6,Ambati Rayudu-2014
Ambati Rayudu,2015,534,46,4,52.8,Ambati Rayudu-2015
Ambati Rayudu,2016,284,34,0,85.1,Ambati Rayudu-2016
Ambati Rayudu,2018,784,62,22,79.2,Ambati Rayudu-2018
Ambati Rayudu,2019,494,48,12,54.4,Ambati Rayudu-2019
Andre Russell,2011,359,30,18,102.0,Andre Russell-2011
Andre Russell,2012,294,28,12,93.1,Andre Russell-2012
Andre Russell,2013,88,10,2,99.6,Andre Russell-2013
Andre Russell,2014,138,13,6,93.5,Andre Russell-2014
Andre Russell,2015,325,25,25,150.9,Andre Russell-2015
Andre Russell,2016,126,9,8,124.5,Andre Russell-2016
Andre Russell,2018,133,6,15,175.8,Andre Russell-2018
Andre Russell,2019,36,3,3,89.2,Andre Russell-2019
Andre Russell,2020,75,2,10,267.9,Andre Russell-2020
Andre Russell,2021,201,10,20,145.6,Andre Russell-2021
Andrew Tye,2016,20,5,0,100.0,Andrew Tye-2016
Andrew Tye,2017,0,0,0,0.0,Andrew Tye-2017
Andrew Tye,2018,570,40,25,158.1,Andrew Tye-2018
Andrew Tye,2021,110,5,5,86.2,Andrew Tye-2021
Angelo Mathews,2008,62,0,2,51.7,Angelo Mathews-2008
Angelo Mathews,2009,982,68,18,117.1,Angelo Mathews-2009
Angelo Mathews,2010,874,56,16,77.3,Angelo Mathews-2010
Angelo Mathews,2011,1048,80,14,79.8,Angelo Mathews-2011
Angelo Mathews,2012,1272,86,14,82.3,Angelo Mathews-2012
Angelo Mathews,2013,1438,104,26,79.8,Angelo Mathews-2013
Angelo Mathews,2014,2740,234,56,90.8,Angelo Mathews-2014
Angelo Mathews,2015,1006,76,28,89.1,Angelo Mathews-2015
Angelo Mathews,2016,1536,106,34,93.3,Angelo Mathews-2016
Angelo Mathews,2017,1282,116,22,78.9,Angelo Mathews-2017
Angelo Mathews,2018,630,50,8,63.8,Angelo Mathews-2018
Angelo Mathews,2019,864,76,10,63.8,Angelo Mathews-2019
Angelo Mathews,2020,164,14,6,105.0,Angelo Mathews-2020
Angelo Mathews,2021,68,2,0,85.4,Angelo Mathews-2021
Angelo Mathews,2023,36,6,0,36.0,Angelo Mathews-2023
Anrich Nortje,2019,8,0,0,44.4,Anrich Nortje-2019
Anrich Nortje,2020,3,0,0,66.7,Anrich Nortje-2020
Anrich Nortje,2021,16,1,0,51.7,Anrich Nortje-2021
Anrich Nortje,2022,14,1,0,85.0,Anrich Nortje-2022
Anrich Nortje,2023,5,1,0,41.7,Anrich Nortje-2023
Ashish Nehra,2001,12,0,0,44.8,Ashish Nehra-2001
Ashish Nehra,2002,60,4,2,62.7,Ashish Nehra-2002
Ashish Nehra,2003,22,4,0,83.3,Ashish Nehra-2003
Ashish Nehra,2004,48,6,2,97.2,Ashish Nehra-2004
Ashish Nehra,2005,32,2,0,55.4,Ashish Nehra-2005
Ashish Nehra,2009,74,4,4,66.4,Ashish Nehra-2009
Ashish Nehra,2010,60,4,2,34.2,Ashish Nehra-2010
Ashish Nehra,2011,18,2,0,31.5,Ashish Nehra-2011
Ashish Nehra,2016,12,0,0,15.8,Ashish Nehra-2016
Ashok Dinda,2009,38,2,0,95.0,Ashok Dinda-2009
Ashok Dinda,2010,36,2,0,36.9,Ashok Dinda-2010
Ashok Dinda,2012,6,0,0,75.0,Ashok Dinda-2012
Ashok Dinda,2013,6,0,0,37.5,Ashok Dinda-2013
Ashton Turner,2017,26,1,0,101.7,Ashton Turner-2017
Ashton Turner,2019,156,8,10,98.1,Ashton Turner-2019
Ashton Turner,2020,17,0,0,63.3,Ashton Turner-2020
Ashton Turner,2021,101,5,2,63.0,Ashton Turner-2021
Avesh Khan,2022,69,6,3,96.7,Avesh Khan-2022
Ben Cutting,2013,135,10,0,30.0,Ben Cutting-2013
Ben Cutting,2014,305,15,20,133.1,Ben Cutting-2014
Ben Cutting,2017,25,5,0,125.0,Ben Cutting-2017
Ben Dunk,2014,78,6,2,107.8,Ben Dunk-2014
Ben Dunk,2017,120,10,10,181.0,Ben Dunk-2017
Ben Dwarshuis,2022,0,0,0,0.0,Ben Dwarshuis-2022
Ben Hilfenhaus,2009,31,2,0,38.9,Ben Hilfenhaus-2009
Ben Hilfenhaus,2012,0,0,0,0.0,Ben Hilfenhaus-2012
Ben Laughlin,2009,3,0,0,11.1,Ben Laughlin-2009
Beuran Hendricks,2014,15,0,1,92.0,Beuran Hendricks-2014
Beuran Hendricks,2019,5,0,0,37.5,Beuran Hendricks-2019
Beuran Hendricks,2020,3,0,0,25.0,Beuran Hendricks-2020
Beuran Hendricks,2021,1,0,0,10.0,Beuran Hendricks-2021
Bhanuka Rajapaksa,2019,131,7,9,106.2,Bhanuka Rajapaksa-2019
Bhanuka Rajapaksa,2020,9,1,0,75.0,Bhanuka Rajapaksa-2020
Bhanuka Rajapaksa,2021,269,31,11,78.1,Bhanuka Rajapaksa-2021
Bhanuka Rajapaksa,2022,346,31,12,119.3,Bhanuka Rajapaksa-2022
Bhanuka Rajapaksa,2023,12,1,0,78.8,Bhanuka Rajapaksa-2023
Bhuvneshwar Kumar,2012,12,0,0,100.0,Bhuvneshwar Kumar-2012
Bhuvneshwar Kumar,2013,188,20,2,71.9,Bhuvneshwar Kumar-2013
Bhuvneshwar Kumar,2014,124,12,0,91.1,Bhuvneshwar Kumar-2014
Bhuvneshwar Kumar,2015,116,6,2,55.5,Bhuvneshwar Kumar-2015
Bhuvneshwar Kumar,2016,4,0,0,33.3,Bhuvneshwar Kumar-2016
Bhuvneshwar Kumar,2017,270,24,6,55.9,Bhuvneshwar Kumar-2017
Bhuvneshwar Kumar,2018,210,12,2,98.6,Bhuvneshwar Kumar-2018
Bhuvneshwar Kumar,2019,174,14,4,55.0,Bhuvneshwar Kumar-2019
Bhuvneshwar Kumar,2021,112,4,0,84.2,Bhuvneshwar Kumar-2021
Bhuvneshwar Kumar,2022,28,0,0,60.8,Bhuvneshwar Kumar-2022
Billy Stanlake,2017,4,0,0,16.7,Billy Stanlake-2017
Billy Stanlake,2018,48,0,4,41.8,Billy Stanlake-2018
Billy Stanlake,2019,0,0,0,0.0,Billy Stanlake-2019
Brad Hodge,2005,72,9,0,41.7,Brad Hodge-2005
Brad Hodge,2006,7,0,0,35.6,Brad Hodge-2006
Brad Hodge,2007,580,47,15,74.6,Brad Hodge-2007
Brad Hodge,2008,10,0,0,100.0,Brad Hodge-2008
Brad Hodge,2014,89,4,4,142.7,Brad Hodge-2014
Brad Hogg,1996,38,0,0,70.9,Brad Hogg-1996
Brad Hogg,2003,226,17,1,62.1,Brad Hogg-2003
Brad Hogg,2004,148,7,0,73.8,Brad Hogg-2004
Brad Hogg,2005,95,1,0,94.2,Brad Hogg-2005
Brad Hogg,2006,154,9,4,107.3,Brad Hogg-2006
Brad Hogg,2007,85,7,3,85.6,Brad Hogg-2007
Brad Hogg,2008,85,2,0,69.1,Brad Hogg-2008
Brad Hogg,2012,11,1,0,100.0,Brad Hogg-2012
Brad Hogg,2014,3,0,0,100.0,Brad Hogg-2014
Brendan Taylor,2004,402,35,4,40.5,Brendan Taylor-2004
Brendan Taylor,2005,282,29,0,52.6,Brendan Taylor-2005
Brendan Taylor,2006,812,77,17,66.7,Brendan Taylor-2006
Brendan Taylor,2007,406,30,7,68.9,Brendan Taylor-2007
Brendan Taylor,2008,139,9,1,70.9,Brendan Taylor-2008
Brendan Taylor,2009,590,31,13,62.2,Brendan Taylor-2009
Brendan Taylor,2010,835,72,9,68.8,Brendan Taylor-2010
Brendan Taylor,2011,814,69,11,69.6,Brendan Taylor-2011
Brendan Taylor,2012,209,20,6,80.6,Brendan Taylor-2012
Brendan Taylor,2013,396,42,4,64.0,Brendan Taylor-2013
Brendan Taylor,2014,534,49,7,80.7,Brendan Taylor-2014
Brendan Taylor,2015,433,43,12,102.0,Brendan Taylor-2015
Brendan Taylor,2018,964,89,23,75.0,Brendan Taylor-2018
Brendan Taylor,2019,295,38,8,95.4,Brendan Taylor-2019
Brendan Taylor,2020,328,38,6,79.7,Brendan Taylor-2020
Brendan Taylor,2021,179,21,2,79.9,Brendan Taylor-2021
Brendon McCullum,2002,206,20,0,55.2,Brendon McCullum-2002
Brendon McCullum,2003,540,46,8,47.7,Brendon McCullum-2003
Brendon McCullum,2004,488,42,2,76.2,Brendon McCullum-2004
Brendon McCullum,2005,924,70,32,101.5,Brendon McCullum-2005
Brendon McCullum,2006,530,54,20,96.4,Brendon McCullum-2006
Brendon McCullum,2007,1920,168,62,107.9,Brendon McCullum-2007
Brendon McCullum,2008,1458,132,66,104.2,Brendon McCullum-2008
Brendon McCullum,2009,2334,216,60,92.1,Brendon McCullum-2009
Brendon McCullum,2010,1222,142,44,91.6,Brendon McCullum-2010
Brendon McCullum,2011,1230,98,48,110.6,Brendon McCullum-2011
Brendon McCullum,2012,1750,166,56,99.3,Brendon McCullum-2012
Brendon McCullum,2013,1196,110,48,107.9,Brendon McCullum-2013
Brendon McCullum,2014,812,54,44,113.9,Brendon McCullum-2014
Brendon McCullum,2015,1598,208,74,151.6,Brendon McCullum-2015
Brendon McCullum,2016,238,26,18,139.8,Brendon McCullum-2016
Carlos Brathwaite,2011,36,3,0,52.5,Carlos Brathwaite-2011
Carlos Brathwaite,2015,183,12,9,85.6,Carlos Brathwaite-2015
Carlos Brathwaite,2016,762,42,48,113.1,Carlos Brathwaite-2016
Carlos Brathwaite,2017,477,24,21,103.5,Carlos Brathwaite-2017
Carlos Brathwaite,2018,354,18,18,105.3,Carlos Brathwaite-2018
Carlos Brathwaite,2019,795,54,42,96.7,Carlos Brathwaite-2019
Chamika Karunaratne,2021,576,22,20,93.5,Chamika Karunaratne-2021
Chamika Karunaratne,2022,690,50,16,94.9,Chamika Karunaratne-2022
Chamika Karunaratne,2023,202,20,4,63.5,Chamika Karunaratne-2023
Chetan Sakariya,2021,10,0,0,27.8,Chetan Sakariya-2021
Cheteshwar Pujara,2013,26,4,0,27.1,Cheteshwar Pujara-2013
Cheteshwar Pujara,2014,76,4,0,25.1,Cheteshwar Pujara-2014
Chirag Suri,2018,147,13,1,46.9,Chirag Suri-2018
Chirag Suri,2019,276,23,5,61.4,Chirag Suri-2019
Chirag Suri,2020,284,28,6,96.9,Chirag Suri-2020
Chirag Suri,2021,82,7,1,84.0,Chirag Suri-2021
Chirag Suri,2022,969,108,18,71.7,Chirag Suri-2022
Chirag Suri,2023,5,1,0,27.8,Chirag Suri-2023
Chris Jordan,2013,56,4,0,56.0,Chris Jordan-2013
Chris Jordan,2014,724,60,32,123.3,Chris Jordan-2014
Chris Jordan,2015,88,4,0,70.2,Chris Jordan-2015
Chris Jordan,2016,320,24,8,97.0,Chris Jordan-2016
Chris Jordan,2017,24,0,0,28.6,Chris Jordan-2017
Chris Jordan,2018,136,4,8,177.9,Chris Jordan-2018
Chris Jordan,2019,192,16,16,294.7,Chris Jordan-2019
Chris Jordan,2020,128,4,4,99.0,Chris Jordan-2020
Chris Jordan,2021,196,16,8,169.7,Chris Jordan-2021
Chris Jordan,2022,560,36,28,143.9,Chris Jordan-2022
Chris Jordan,2023,40,4,0,82.2,Chris Jordan-2023
Chris Lynn,2014,99,3,9,173.7,Chris Lynn-2014
Chris Lynn,2016,96,6,3,100.2,Chris Lynn-2016
Chris Lynn,2017,48,0,3,133.3,Chris Lynn-2017
Chris Lynn,2018,855,90,36,103.8,Chris Lynn-2018
Chris Woakes,2011,380,15,10,107.7,Chris Woakes-2011
Chris Woakes,2012,165,15,0,75.0,Chris Woakes-2012
Chris Woakes,2013,345,25,0,59.7,Chris Woakes-2013
Chris Woakes,2014,795,55,5,77.9,Chris Woakes-2014
Chris Woakes,2015,1035,55,20,75.0,Chris Woakes-2015
Chris Woakes,2016,1060,80,10,101.8,Chris Woakes-2016
Chris Woakes,2017,845,65,20,118.4,Chris Woakes-2017
Chris Woakes,2018,1025,85,40,96.7,Chris Woakes-2018
Chris Woakes,2019,735,45,15,88.9,Chris Woakes-2019
Chris Woakes,2020,645,65,0,97.2,Chris Woakes-2020
Chris Woakes,2021,35,0,5,233.3,Chris Woakes-2021
Chris Woakes,2022,175,20,5,112.0,Chris Woakes-2022
Chris Woakes,2023,390,35,0,73.9,Chris Woakes-2023
Colin De Grandhomme,2012,98,4,6,80.9,Colin De Grandhomme-2012
Colin De Grandhomme,2016,58,2,4,90.2,Colin De Grandhomme-2016
Colin De Grandhomme,2017,456,22,28,120.4,Colin De Grandhomme-2017
Colin De Grandhomme,2018,528,40,24,102.4,Colin De Grandhomme-2018
Colin De Grandhomme,2019,1084,80,48,130.3,Colin De Grandhomme-2019
Colin De Grandhomme,2020,194,20,6,73.9,Colin De Grandhomme-2020
Colin De Grandhomme,2021,36,0,2,43.5,Colin De Grandhomme-2021
Colin De Grandhomme,2022,40,2,0,60.0,Colin De Grandhomme-2022
Colin Ingram,2010,380,35,8,109.0,Colin Ingram-2010
Colin Ingram,2011,126,13,2,71.5,Colin Ingram-2011
Colin Ingram,2012,92,11,3,85.9,Colin Ingram-2012
Colin Ingram,2013,455,46,4,54.3,Colin Ingram-2013
Colin Munro,2012,68,8,0,90.7,Colin Munro-2012
Colin Munro,2013,586,42,24,87.9,Colin Munro-2013
Colin Munro,2014,68,4,4,118.1,Colin Munro-2014
Colin Munro,2015,238,22,6,109.0,Colin Munro-2015
Colin Munro,2016,868,60,50,130.1,Colin Munro-2016
Colin Munro,2017,1112,96,56,93.7,Colin Munro-2017
Colin Munro,2018,1508,150,84,120.3,Colin Munro-2018
Colin Munro,2019,1186,122,48,116.2,Colin Munro-2019
Colin Munro,2020,356,36,14,143.6,Colin Munro-2020
Corey Anderson,2012,85,10,0,116.7,Corey Anderson-2012
Corey Anderson,2013,725,65,40,125.5,Corey Anderson-2013
Corey Anderson,2014,2300,125,170,124.8,Corey Anderson-2014
Corey Anderson,2015,2205,220,75,93.4,Corey Anderson-2015
Corey Anderson,2016,1495,100,50,71.7,Corey Anderson-2016
Corey Anderson,2017,895,40,60,100.0,Corey Anderson-2017
Corey Anderson,2018,265,20,10,125.5,Corey Anderson-2018
Dale Steyn,2005,8,0,0,25.0,Dale Steyn-2005
Dale Steyn,2007,2,0,0,100.0,Dale Steyn-2007
Dale Steyn,2008,30,2,0,85.4,Dale Steyn-2008
Dale Steyn,2009,62,4,2,68.0,Dale Steyn-2009
Dale Steyn,2010,86,2,6,72.4,Dale Steyn-2010
Dale Steyn,2011,110,10,0,51.8,Dale Steyn-2011
Dale Steyn,2012,10,0,0,46.4,Dale Steyn-2012
Dale Steyn,2013,62,4,2,42.4,Dale Steyn-2013
Dale Steyn,2014,132,18,2,68.7,Dale Steyn-2014
Dale Steyn,2015,112,12,4,68.2,Dale Steyn-2015
Dale Steyn,2016,12,2,0,120.0,Dale Steyn-2016
Dale Steyn,2018,134,18,2,77.1,Dale Steyn-2018
Dale Steyn,2019,2,0,0,16.7,Dale Steyn-2019
Dale Steyn,2020,10,2,0,125.0,Dale Steyn-2020
Dan Christian,2010,4,1,0,200.0,Dan Christian-2010
Dan Christian,2012,258,22,2,84.4,Dan Christian-2012
Dan Christian,2014,29,2,1,140.4,Dan Christian-2014
Dan Christian,2017,9,0,0,69.2,Dan Christian-2017
Dan Christian,2021,91,5,6,122.9,Dan Christian-2021
Daniel Sams,2020,12,2,0,233.3,Daniel Sams-2020
Daniel Sams,2021,42,2,4,153.3,Daniel Sams-2021
Daniel Sams,2022,52,4,2,136.7,Daniel Sams-2022
Darren Bravo,2009,40,5,0,129.4,Darren Bravo-2009
Darren Bravo,2010,179,10,5,59.2,Darren Bravo-2010
Darren Bravo,2011,727,57,19,62.4,Darren Bravo-2011
Darren Bravo,2012,286,30,5,59.4,Darren Bravo-2012
Darren Bravo,2013,820,79,11,64.2,Darren Bravo-2013
Darren Bravo,2014,354,24,14,72.1,Darren Bravo-2014
Darren Bravo,2015,112,7,1,62.3,Darren Bravo-2015
Darren Bravo,2016,312,30,9,59.6,Darren Bravo-2016
Darren Bravo,2018,129,9,3,71.3,Darren Bravo-2018
Darren Bravo,2019,220,12,12,73.0,Darren Bravo-2019
Darren Bravo,2020,63,4,2,70.4,Darren Bravo-2020
Darren Bravo,2021,208,10,7,65.7,Darren Bravo-2021
Darren Bravo,2022,64,7,1,60.4,Darren Bravo-2022
Daryl Mitchell,2019,97,5,4,97.6,Daryl Mitchell-2019
Daryl Mitchell,2020,6,1,0,91.7,Daryl Mitchell-2020
Daryl Mitchell,2021,401,37,12,132.2,Daryl Mitchell-2021
Daryl Mitchell,2022,655,46,19,116.8,Daryl Mitchell-2022
Daryl Mitchell,2023,327,19,14,92.7,Daryl Mitchell-2023
David Warner,2009,1137,102,36,84.2,David Warner-2009
David Warner,2010,1119,108,66,128.7,David Warner-2010
David Warner,2011,699,81,6,81.3,David Warner-2011
David Warner,2012,3522,345,84,88.2,David Warner-2012
David Warner,2013,702,57,18,78.1,David Warner-2013
David Warner,2014,1770,180,57,113.1,David Warner-2014
David Warner,2015,1968,222,36,118.8,David Warner-2015
David Warner,2016,4878,519,90,109.9,David Warner-2016
David Warner,2017,2103,207,39,88.4,David Warner-2017
David Warner,2018,507,57,15,114.2,David Warner-2018
David Warner,2019,2802,291,45,99.8,David Warner-2019
David Warner,2020,1953,198,30,95.0,David Warner-2020
David Warner,2021,867,96,30,126.9,David Warner-2021
David Warner,2022,2676,336,39,108.2,David Warner-2022
David Warner,2023,69,3,0,74.2,David Warner-2023
David Wiese,2013,10,0,0,118.8,David Wiese-2013
David Wiese,2014,0,0,0,0.0,David Wiese-2014
David Wiese,2015,63,3,3,128.3,David Wiese-2015
David Wiese,2016,121,8,5,146.4,David Wiese-2016
David Wiese,2021,247,16,11,112.9,David Wiese-2021
David Wiese,2022,342,22,9,92.4,David Wiese-2022
David Willey,2015,53,2,2,98.0,David Willey-2015
David Willey,2016,104,3,5,86.1,David Willey-2016
David Willey,2017,45,3,1,86.9,David Willey-2017
David Willey,2018,195,20,6,115.5,David Willey-2018
David Willey,2019,48,3,2,89.4,David Willey-2019
David Willey,2020,98,8,5,111.8,David Willey-2020
David Willey,2021,16,2,1,145.5,David Willey-2021
David Willey,2022,197,18,6,81.3,David Willey-2022
David Willey,2023,8,2,0,88.9,David Willey-2023
Deepak Chahar,2018,36,3,0,85.7,Deepak Chahar-2018
Deepak Chahar,2019,21,0,0,87.5,Deepak Chahar-2019
Deepak Chahar,2020,0,0,0,0.0,Deepak Chahar-2020
Deepak Chahar,2021,270,27,6,173.3,Deepak Chahar-2021
Deepak Chahar,2022,441,33,30,105.1,Deepak Chahar-2022
Deepak Hooda,2022,2275,185,70,99.4,Deepak Hooda-2022
Deepak Hooda,2023,330,10,25,130.7,Deepak Hooda-2023
Devdutt Padikkal,2021,76,4,2,93.0,Devdutt Padikkal-2021
Devon Conway,2020,174,17,6,145.5,Devon Conway-2020
Devon Conway,2021,653,71,9,106.3,Devon Conway-2021
Devon Conway,2022,768,72,17,90.5,Devon Conway-2022
Devon Conway,2023,372,41,11,79.0,Devon Conway-2023
Dhawal Kulkarni,2015,6,0,0,100.0,Dhawal Kulkarni-2015
Dhawal Kulkarni,2016,78,6,3,98.1,Dhawal Kulkarni-2016
Dinesh Karthik,2004,6,0,0,8.3,Dinesh Karthik-2004
Dinesh Karthik,2006,438,54,12,72.4,Dinesh Karthik-2006
Dinesh Karthik,2007,1890,174,6,70.2,Dinesh Karthik-2007
Dinesh Karthik,2008,48,6,0,100.0,Dinesh Karthik-2008
Dinesh Karthik,2009,1362,138,18,112.8,Dinesh Karthik-2009
Dinesh Karthik,2010,2904,348,30,70.1,Dinesh Karthik-2010
Dinesh Karthik,2013,1530,162,12,68.7,Dinesh Karthik-2013
Dinesh Karthik,2014,300,30,0,90.3,Dinesh Karthik-2014
Dinesh Karthik,2017,1524,132,24,103.8,Dinesh Karthik-2017
Dinesh Karthik,2018,2088,198,48,126.4,Dinesh Karthik-2018
Dinesh Karthik,2019,816,66,30,103.8,Dinesh Karthik-2019
Dinesh Karthik,2022,1722,174,78,131.4,Dinesh Karthik-2022
Dirk Nannes,2009,7,0,0,67.9,Dirk Nannes-2009
Dirk Nannes,2010,16,1,1,101.6,Dirk Nannes-2010
Dominic Drakes,2021,5,1,0,41.7,Dominic Drakes-2021
Dominic Drakes,2022,10,2,0,84.9,Dominic Drakes-2022
Dushmantha Chameera,2015,39,3,0,73.6,Dushmantha Chameera-2015
Dushmantha Chameera,2016,13,1,0,66.7,Dushmantha Chameera-2016
Dushmantha Chameera,2017,67,6,0,72.8,Dushmantha Chameera-2017
Dushmantha Chameera,2018,4,0,0,28.8,Dushmantha Chameera-2018
Dushmantha Chameera,2019,1,0,0,12.5,Dushmantha Chameera-2019
Dushmantha Chameera,2021,125,9,2,71.9,Dushmantha Chameera-2021
Dushmantha Chameera,2022,70,5,2,107.0,Dushmantha Chameera-2022
Dwaine Pretorius,2016,30,0,2,75.0,Dwaine Pretorius-2016
Dwaine Pretorius,2017,142,14,4,83.2,Dwaine Pretorius-2017
Dwaine Pretorius,2018,30,0,0,71.9,Dwaine Pretorius-2018
Dwaine Pretorius,2019,242,18,10,117.1,Dwaine Pretorius-2019
Dwaine Pretorius,2020,96,8,4,130.4,Dwaine Pretorius-2020
Dwaine Pretorius,2021,70,4,4,111.3,Dwaine Pretorius-2021
Dwaine Pretorius,2022,296,28,16,132.0,Dwaine Pretorius-2022
Dwayne Bravo,2004,200,14,2,62.7,Dwayne Bravo-2004
Dwayne Bravo,2005,426,26,2,73.7,Dwayne Bravo-2005
Dwayne Bravo,2006,892,78,6,70.1,Dwayne Bravo-2006
Dwayne Bravo,2007,702,72,16,85.6,Dwayne Bravo-2007
Dwayne Bravo,2008,510,34,18,80.2,Dwayne Bravo-2008
Dwayne Bravo,2009,764,62,26,89.5,Dwayne Bravo-2009
Dwayne Bravo,2010,624,34,16,87.7,Dwayne Bravo-2010
Dwayne Bravo,2011,390,10,14,78.2,Dwayne Bravo-2011
Dwayne Bravo,2012,1030,66,38,103.4,Dwayne Bravo-2012
Dwayne Bravo,2013,1046,82,26,77.8,Dwayne Bravo-2013
Dwayne Bravo,2014,1164,110,32,90.0,Dwayne Bravo-2014
Dwayne Bravo,2015,170,6,8,130.8,Dwayne Bravo-2015
Dwayne Bravo,2016,302,20,10,95.4,Dwayne Bravo-2016
Dwayne Bravo,2020,18,0,2,128.6,Dwayne Bravo-2020
Dwayne Bravo,2021,208,12,10,86.1,Dwayne Bravo-2021
Dwayne Smith,2004,524,44,18,83.7,Dwayne Smith-2004
Dwayne Smith,2005,424,40,20,107.5,Dwayne Smith-2005
Dwayne Smith,2006,450,30,26,92.7,Dwayne Smith-2006
Dwayne Smith,2007,282,16,24,138.9,Dwayne Smith-2007
Dwayne Smith,2010,316,18,12,75.4,Dwayne Smith-2010
Dwayne Smith,2011,88,10,4,124.4,Dwayne Smith-2011
Dwayne Smith,2012,752,68,42,76.8,Dwayne Smith-2012
Dwayne Smith,2014,920,110,36,97.9,Dwayne Smith-2014
Dwayne Smith,2015,528,72,8,81.7,Dwayne Smith-2015
Eoin Morgan,2006,297,21,3,73.9,Eoin Morgan-2006
Eoin Morgan,2007,1350,129,33,47.9,Eoin Morgan-2007
Eoin Morgan,2008,153,9,3,66.4,Eoin Morgan-2008
Eoin Morgan,2009,1824,159,60,86.8,Eoin Morgan-2009
Eoin Morgan,2010,3018,282,51,101.5,Eoin Morgan-2010
Eoin Morgan,2011,1788,165,27,97.5,Eoin Morgan-2011
Eoin Morgan,2012,1821,135,51,98.3,Eoin Morgan-2012
Eoin Morgan,2013,1938,147,63,85.8,Eoin Morgan-2013
Eoin Morgan,2014,2427,180,90,87.4,Eoin Morgan-2014
Eoin Morgan,2015,3315,264,117,76.7,Eoin Morgan-2015
Eoin Morgan,2016,1509,105,57,86.5,Eoin Morgan-2016
Eoin Morgan,2017,2691,213,99,94.1,Eoin Morgan-2017
Eoin Morgan,2018,2742,243,87,100.9,Eoin Morgan-2018
Eoin Morgan,2019,3177,237,180,112.1,Eoin Morgan-2019
Eoin Morgan,2020,1578,159,72,125.2,Eoin Morgan-2020
Eoin Morgan,2021,759,66,24,102.7,Eoin Morgan-2021
Eoin Morgan,2022,90,6,3,41.7,Eoin Morgan-2022
Evin Lewis,2016,1005,96,39,85.9,Evin Lewis-2016
Evin Lewis,2017,2607,198,135,91.5,Evin Lewis-2017
Evin Lewis,2018,1329,135,60,92.3,Evin Lewis-2018
Evin Lewis,2019,1764,171,75,79.2,Evin Lewis-2019
Evin Lewis,2020,927,90,39,112.6,Evin Lewis-2020
Evin Lewis,2021,2178,183,138,118.9,Evin Lewis-2021
Evin Lewis,2022,126,6,3,87.7,Evin Lewis-2022
Fabian Allen,2018,240,28,4,56.4,Fabian Allen-2018
Fabian Allen,2019,372,36,16,99.5,Fabian Allen-2019
Fabian Allen,2020,408,32,28,144.0,Fabian Allen-2020
Fabian Allen,2021,612,24,60,155.2,Fabian Allen-2021
Fabian Allen,2022,236,12,8,67.0,Fabian Allen-2022
Faf Du Plessis,2011,864,60,9,85.7,Faf Du Plessis-2011
Faf Du Plessis,2012,1401,150,12,93.4,Faf Du Plessis-2012
Faf Du Plessis,2013,2319,195,51,86.7,Faf Du Plessis-2013
Faf Du Plessis,2014,2751,219,60,98.9,Faf Du Plessis-2014
Faf Du Plessis,2015,3468,300,57,87.3,Faf Du Plessis-2015
Faf Du Plessis,2016,2538,246,39,98.1,Faf Du Plessis-2016
Faf Du Plessis,2017,3009,252,42,92.7,Faf Du Plessis-2017
Faf Du Plessis,2018,1521,165,24,108.4,Faf Du Plessis-2018
Faf Du Plessis,2019,2739,276,39,89.3,Faf Du Plessis-2019
Faf Du Plessis,2020,495,42,15,112.2,Faf Du Plessis-2020
Farhaan Behardien,2012,109,10,2,156.8,Farhaan Behardien-2012
Farhaan Behardien,2013,172,12,3,65.5,Farhaan Behardien-2013
Farhaan Behardien,2014,128,13,2,79.4,Farhaan Behardien-2014
Farhaan Behardien,2015,509,36,15,128.3,Farhaan Behardien-2015
Farhaan Behardien,2016,262,17,5,106.7,Farhaan Behardien-2016
Farhaan Behardien,2017,338,22,11,118.5,Farhaan Behardien-2017
Farhaan Behardien,2018,74,6,3,144.9,Farhaan Behardien-2018
Fazalhaq Farooqi,2022,2,0,0,9.5,Fazalhaq Farooqi-2022
Fazalhaq Farooqi,2023,1,0,0,50.0,Fazalhaq Farooqi-2023
Fidel Edwards,2004,4,0,0,36.4,Fidel Edwards-2004
Fidel Edwards,2005,0,0,0,0.0,Fidel Edwards-2005
Fidel Edwards,2006,14,0,0,57.5,Fidel Edwards-2006
Fidel Edwards,2007,2,0,0,20.0,Fidel Edwards-2007
Fidel Edwards,2008,31,4,0,55.9,Fidel Edwards-2008
Fidel Edwards,2009,25,1,0,52.1,Fidel Edwards-2009
Fidel Edwards,2011,7,1,0,175.0,Fidel Edwards-2011
Fidel Edwards,2012,0,0,0,0.0,Fidel Edwards-2012
Fidel Edwards,2021,1,0,0,25.0,Fidel Edwards-2021
Finn Allen,2021,156,19,8,147.6,Finn Allen-2021
Finn Allen,2022,798,84,37,117.2,Finn Allen-2022
Finn Allen,2023,195,28,5,77.6,Finn Allen-2023
Gautam Gambhir,2003,113,15,0,48.3,Gautam Gambhir-2003
Gautam Gambhir,2005,181,28,1,61.5,Gautam Gambhir-2005
Gautam Gambhir,2006,115,18,1,72.6,Gautam Gambhir-2006
Gautam Gambhir,2007,924,103,8,70.8,Gautam Gambhir-2007
Gautam Gambhir,2008,1128,125,6,84.5,Gautam Gambhir-2008
Gautam Gambhir,2009,1101,109,7,93.2,Gautam Gambhir-2009
Gautam Gambhir,2010,739,87,1,82.2,Gautam Gambhir-2010
Gautam Gambhir,2011,720,74,1,80.6,Gautam Gambhir-2011
Gautam Gambhir,2012,996,90,2,83.9,Gautam Gambhir-2012
Gautam Gambhir,2013,153,21,0,63.3,Gautam Gambhir-2013
Glenn Maxwell,2012,978,54,42,90.4,Glenn Maxwell-2012
Glenn Maxwell,2013,2700,240,156,129.9,Glenn Maxwell-2013
Glenn Maxwell,2014,3726,360,138,106.6,Glenn Maxwell-2014
Glenn Maxwell,2015,4128,474,126,118.0,Glenn Maxwell-2015
Glenn Maxwell,2016,3978,384,162,115.0,Glenn Maxwell-2016
Glenn Maxwell,2017,1734,180,54,104.1,Glenn Maxwell-2017
Glenn Maxwell,2018,4278,318,162,116.8,Glenn Maxwell-2018
Glenn Maxwell,2019,5196,522,210,148.9,Glenn Maxwell-2019
Glenn Maxwell,2020,2784,144,168,125.6,Glenn Maxwell-2020
Glenn Maxwell,2021,942,96,42,101.7,Glenn Maxwell-2021
Glenn Maxwell,2022,3402,276,144,112.6,Glenn Maxwell-2022
Glenn Maxwell,2023,48,6,0,80.0,Glenn Maxwell-2023
Glenn Phillips,2017,72,6,2,102.6,Glenn Phillips-2017
Glenn Phillips,2018,68,3,3,98.3,Glenn Phillips-2018
Glenn Phillips,2020,184,17,12,202.2,Glenn Phillips-2020
Glenn Phillips,2021,321,17,20,124.9,Glenn Phillips-2021
Glenn Phillips,2022,873,64,39,144.6,Glenn Phillips-2022
Glenn Phillips,2023,218,14,8,70.2,Glenn Phillips-2023
Gurkeerat Singh,2016,13,2,0,98.8,Gurkeerat Singh-2016
Gurkeerat Singh Mann,2016,26,4,0,98.8,Gurkeerat Singh Mann-2016
Hardik Pandya,2016,123,10,4,99.0,Hardik Pandya-2016
Hardik Pandya,2017,633,36,34,127.6,Hardik Pandya-2017
Hardik Pandya,2018,185,11,10,169.0,Hardik Pandya-2018
Hardik Pandya,2019,326,30,11,124.6,Hardik Pandya-2019
Hardik Pandya,2020,288,19,11,130.2,Hardik Pandya-2020
Hardik Pandya,2021,284,21,16,126.4,Hardik Pandya-2021
Hardik Pandya,2022,707,59,30,126.4,Hardik Pandya-2022
Hardik Pandya,2023,309,27,9,98.3,Hardik Pandya-2023
Harry Gurney,2014,15,1,0,43.0,Harry Gurney-2014
Harshal Patel,2021,54,6,3,163.6,Harshal Patel-2021
Harshal Patel,2022,177,21,6,111.1,Harshal Patel-2022
Heinrich Klaasen,2018,395,34,17,102.9,Heinrich Klaasen-2018
Heinrich Klaasen,2019,12,0,0,47.9,Heinrich Klaasen-2019
Heinrich Klaasen,2020,357,27,10,124.7,Heinrich Klaasen-2020
Heinrich Klaasen,2021,298,28,6,100.4,Heinrich Klaasen-2021
Heinrich Klaasen,2022,421,38,14,132.5,Heinrich Klaasen-2022
Heinrich Klaasen,2023,307,32,10,159.0,Heinrich Klaasen-2023
Imran Tahir,2011,1,0,0,50.0,Imran Tahir-2011
Imran Tahir,2013,4,0,0,26.1,Imran Tahir-2013
Imran Tahir,2014,64,8,1,84.8,Imran Tahir-2014
Imran Tahir,2015,26,1,1,46.2,Imran Tahir-2015
Imran Tahir,2016,39,8,0,117.5,Imran Tahir-2016
Imran Tahir,2017,2,0,0,15.5,Imran Tahir-2017
Imran Tahir,2018,22,4,0,56.7,Imran Tahir-2018
Imran Tahir,2019,18,1,0,46.0,Imran Tahir-2019
Irfan Pathan,2004,920,68,24,87.9,Irfan Pathan-2004
Irfan Pathan,2005,1532,140,48,77.6,Irfan Pathan-2005
Irfan Pathan,2006,1572,188,28,63.2,Irfan Pathan-2006
Irfan Pathan,2007,660,48,32,74.2,Irfan Pathan-2007
Irfan Pathan,2008,996,72,8,71.3,Irfan Pathan-2008
Irfan Pathan,2009,324,16,16,152.2,Irfan Pathan-2009
Irfan Pathan,2011,16,0,0,40.0,Irfan Pathan-2011
Irfan Pathan,2012,844,72,20,109.2,Irfan Pathan-2012
Ishan Kishan,2021,519,63,21,102.3,Ishan Kishan-2021
Ishan Kishan,2022,2679,279,108,109.8,Ishan Kishan-2022
Ishan Kishan,2023,291,27,9,62.3,Ishan Kishan-2023
Ishant Sharma,2008,48,3,0,37.8,Ishant Sharma-2008
Ishant Sharma,2009,84,9,0,74.2,Ishant Sharma-2009
Ishant Sharma,2010,33,3,0,26.4,Ishant Sharma-2010
Ishant Sharma,2011,0,0,0,0.0,Ishant Sharma-2011
Ishant Sharma,2012,0,0,0,0.0,Ishant Sharma-2012
Ishant Sharma,2013,57,6,0,40.1,Ishant Sharma-2013
Ishant Sharma,2014,18,0,0,75.0,Ishant Sharma-2014
Ishant Sharma,2016,0,0,0,0.0,Ishant Sharma-2016
Isuru Udana,2009,1,0,0,20.0,Isuru Udana-2009
Isuru Udana,2012,1,0,0,50.0,Isuru Udana-2012
Isuru Udana,2016,0,0,0,0.0,Isuru Udana-2016
Isuru Udana,2017,25,3,1,113.3,Isuru Udana-2017
Isuru Udana,2018,14,1,0,113.9,Isuru Udana-2018
Isuru Udana,2019,356,24,20,122.0,Isuru Udana-2019
Isuru Udana,2020,23,2,0,69.8,Isuru Udana-2020
Isuru Udana,2021,73,3,3,79.6,Isuru Udana-2021
Jacob Oram,2001,458,34,22,85.3,Jacob Oram-2001
Jacob Oram,2002,276,20,10,55.8,Jacob Oram-2002
Jacob Oram,2003,478,50,4,56.5,Jacob Oram-2003
Jacob Oram,2004,442,36,6,88.3,Jacob Oram-2004
Jacob Oram,2005,460,34,16,88.6,Jacob Oram-2005
Jacob Oram,2006,174,20,2,64.6,Jacob Oram-2006
Jacob Oram,2007,1414,82,68,107.2,Jacob Oram-2007
Jacob Oram,2008,804,58,28,96.9,Jacob Oram-2008
Jacob Oram,2009,436,28,10,86.4,Jacob Oram-2009
Jacob Oram,2010,256,20,16,99.9,Jacob Oram-2010
Jacob Oram,2011,180,16,8,168.4,Jacob Oram-2011
Jacob Oram,2012,438,42,16,113.6,Jacob Oram-2012
Jacques Kallis,1996,275,20,1,59.6,Jacques Kallis-1996
Jacques Kallis,1997,519,31,4,61.6,Jacques Kallis-1997
Jacques Kallis,1998,812,59,13,63.5,Jacques Kallis-1998
Jacques Kallis,1999,944,74,9,58.7,Jacques Kallis-1999
Jacques Kallis,2000,1300,103,18,60.5,Jacques Kallis-2000
Jacques Kallis,2001,848,53,12,73.6,Jacques Kallis-2001
Jacques Kallis,2002,1204,97,16,71.2,Jacques Kallis-2002
Jacques Kallis,2003,595,57,6,61.7,Jacques Kallis-2003
Jacques Kallis,2004,770,60,15,60.8,Jacques Kallis-2004
Jacques Kallis,2005,707,48,4,51.5,Jacques Kallis-2005
Jacques Kallis,2006,388,43,3,59.4,Jacques Kallis-2006
Jacques Kallis,2007,991,80,14,65.5,Jacques Kallis-2007
Jacques Kallis,2008,557,51,5,62.1,Jacques Kallis-2008
Jacques Kallis,2009,787,83,8,97.1,Jacques Kallis-2009
Jacques Kallis,2010,817,43,18,87.0,Jacques Kallis-2010
Jacques Kallis,2011,370,29,6,70.1,Jacques Kallis-2011
Jacques Kallis,2012,280,28,4,104.2,Jacques Kallis-2012
Jacques Kallis,2013,76,8,1,67.2,Jacques Kallis-2013
Jacques Kallis,2014,5,0,0,18.1,Jacques Kallis-2014
James Faulkner,2013,870,60,34,115.5,James Faulkner-2013
James Faulkner,2014,664,48,16,88.6,James Faulkner-2014
James Faulkner,2015,288,34,12,137.3,James Faulkner-2015
James Faulkner,2016,304,22,4,90.3,James Faulkner-2016
James Faulkner,2017,256,16,2,88.2,James Faulkner-2017
James Neesham,2012,110,20,0,131.4,James Neesham-2012
James Neesham,2013,415,45,0,76.5,James Neesham-2013
James Neesham,2014,575,60,20,104.7,James Neesham-2014
James Neesham,2015,600,60,10,130.6,James Neesham-2015
James Neesham,2016,1260,145,15,82.1,James Neesham-2016
James Neesham,2017,1705,165,15,90.6,James Neesham-2017
James Neesham,2019,2495,165,120,128.5,James Neesham-2019
James Neesham,2020,520,35,35,97.2,James Neesham-2020
James Neesham,2021,1000,45,60,120.8,James Neesham-2021
James Neesham,2022,1805,120,105,138.2,James Neesham-2022
James Neesham,2023,95,10,5,190.0,James Neesham-2023
Jason Behrendorff,2019,57,0,0,101.7,Jason Behrendorff-2019
Jason Behrendorff,2021,15,0,0,71.4,Jason Behrendorff-2021
Jason Behrendorff,2022,6,0,0,25.0,Jason Behrendorff-2022
Jason Holder,2013,340,30,5,73.8,Jason Holder-2013
Jason Holder,2014,205,20,5,121.0,Jason Holder-2014
Jason Holder,2015,1325,115,60,99.2,Jason Holder-2015
Jason Holder,2016,1180,85,30,67.3,Jason Holder-2016
Jason Holder,2017,2250,150,70,87.5,Jason Holder-2017
Jason Holder,2018,2025,120,65,110.7,Jason Holder-2018
Jason Holder,2019,2220,165,75,106.7,Jason Holder-2019
Jason Holder,2020,115,15,0,96.9,Jason Holder-2020
Jason Holder,2021,935,45,55,108.3,Jason Holder-2021
Jason Holder,2022,1540,105,60,75.4,Jason Holder-2022
Jason Holder,2023,320,20,5,101.1,Jason Holder-2023
Jason Roy,2014,40,5,0,80.0,Jason Roy-2014
Jason Roy,2015,2670,340,30,89.7,Jason Roy-2015
Jason Roy,2016,4375,450,105,93.6,Jason Roy-2016
Jason Roy,2017,3485,445,70,95.5,Jason Roy-2017
Jason Roy,2018,5825,630,180,100.7,Jason Roy-2018
Jason Roy,2019,4225,455,130,110.2,Jason Roy-2019
Jason Roy,2020,1245,120,50,81.4,Jason Roy-2020
Jason Roy,2021,3005,375,95,141.5,Jason Roy-2021
Jason Roy,2022,2705,330,65,80.9,Jason Roy-2022
Jason Roy,2023,1390,170,25,69.4,Jason Roy-2023
Jasprit Bumrah,2016,0,0,0,0.0,Jasprit Bumrah-2016
Jasprit Bumrah,2017,19,3,0,61.1,Jasprit Bumrah-2017
Jasprit Bumrah,2018,0,0,0,0.0,Jasprit Bumrah-2018
Jasprit Bumrah,2019,8,0,1,145.0,Jasprit Bumrah-2019
Jasprit Bumrah,2020,0,0,0,0.0,Jasprit Bumrah-2020
Jasprit Bumrah,2022,28,3,0,58.1,Jasprit Bumrah-2022
Jayant Yadav,2016,5,0,0,100.0,Jayant Yadav-2016
Jayant Yadav,2022,10,0,0,33.3,Jayant Yadav-2022
Jeevan Mendis,2010,47,5,0,77.7,Jeevan Mendis-2010
Jeevan Mendis,2011,194,16,2,74.4,Jeevan Mendis-2011
Jeevan Mendis,2012,258,22,4,96.9,Jeevan Mendis-2012
Jeevan Mendis,2013,166,13,5,85.4,Jeevan Mendis-2013
Jeevan Mendis,2014,67,4,2,124.7,Jeevan Mendis-2014
Jeevan Mendis,2015,69,4,3,84.7,Jeevan Mendis-2015
Jeevan Mendis,2018,10,0,1,120.2,Jeevan Mendis-2018
Jeevan Mendis,2019,32,2,2,56.7,Jeevan Mendis-2019
Jesse Ryder,2008,371,45,10,87.3,Jesse Ryder-2008
Jesse Ryder,2009,497,51,20,94.0,Jesse Ryder-2009
Jesse Ryder,2010,157,13,6,74.7,Jesse Ryder-2010
Jesse Ryder,2011,429,42,9,93.4,Jesse Ryder-2011
Jesse Ryder,2012,58,6,2,57.9,Jesse Ryder-2012
Jesse Ryder,2013,0,0,0,0.0,Jesse Ryder-2013
Jesse Ryder,2014,307,42,9,145.8,Jesse Ryder-2014
Jhye Richardson,2017,0,0,0,0.0,Jhye Richardson-2017
Jhye Richardson,2018,27,1,0,126.5,Jhye Richardson-2018
Jhye Richardson,2019,54,5,0,118.6,Jhye Richardson-2019
Jhye Richardson,2020,24,3,0,120.0,Jhye Richardson-2020
Jhye Richardson,2021,23,1,1,156.0,Jhye Richardson-2021
Jhye Richardson,2022,10,0,0,39.2,Jhye Richardson-2022
Joe Denly,2009,282,33,1,55.9,Joe Denly-2009
Joe Denly,2010,6,0,0,41.7,Joe Denly-2010
Joe Denly,2018,20,3,0,117.6,Joe Denly-2018
Joe Denly,2019,77,7,1,86.3,Joe Denly-2019
Joe Denly,2020,186,16,5,89.1,Joe Denly-2020
Jofra Archer,2019,26,2,0,72.6,Jofra Archer-2019
Jofra Archer,2020,28,2,0,190.0,Jofra Archer-2020
Jofra Archer,2021,38,4,2,137.5,Jofra Archer-2021
Jofra Archer,2023,10,2,0,16.7,Jofra Archer-2023
Johan Botha,2005,54,9,0,112.5,Johan Botha-2005
Johan Botha,2006,246,18,0,57.5,Johan Botha-2006
Johan Botha,2007,285,24,9,132.6,Johan Botha-2007
Johan Botha,2008,237,27,0,82.8,Johan Botha-2008
Johan Botha,2009,246,33,0,108.5,Johan Botha-2009
Johan Botha,2010,579,45,9,92.6,Johan Botha-2010
Johan Botha,2011,696,51,12,105.2,Johan Botha-2011
Johan Botha,2012,87,6,6,103.4,Johan Botha-2012
John Hastings,2010,62,6,0,147.1,John Hastings-2010
John Hastings,2011,166,16,4,129.8,John Hastings-2011
John Hastings,2015,68,6,4,130.8,John Hastings-2015
John Hastings,2016,338,36,10,88.2,John Hastings-2016
Jonny Bairstow,2011,192,10,6,76.0,Jonny Bairstow-2011
Jonny Bairstow,2012,342,30,6,116.5,Jonny Bairstow-2012
Jonny Bairstow,2013,92,10,4,130.8,Jonny Bairstow-2013
Jonny Bairstow,2015,284,32,4,92.8,Jonny Bairstow-2015
Jonny Bairstow,2016,396,28,2,68.8,Jonny Bairstow-2016
Jonny Bairstow,2017,1336,144,18,108.0,Jonny Bairstow-2017
Jonny Bairstow,2018,2184,252,74,116.1,Jonny Bairstow-2018
Jonny Bairstow,2019,2102,258,60,98.7,Jonny Bairstow-2019
Jonny Bairstow,2020,1350,140,52,105.7,Jonny Bairstow-2020
Jonny Bairstow,2021,1098,100,50,111.9,Jonny Bairstow-2021
Jonny Bairstow,2022,566,52,16,91.3,Jonny Bairstow-2022
Jos Buttler,2011,26,2,0,118.2,Jos Buttler-2011
Jos Buttler,2012,286,16,14,119.8,Jos Buttler-2012
Jos Buttler,2013,856,74,36,116.0,Jos Buttler-2013
Jos Buttler,2014,1868,148,48,97.4,Jos Buttler-2014
Jos Buttler,2015,1376,126,42,112.4,Jos Buttler-2015
Jos Buttler,2016,1878,148,82,124.0,Jos Buttler-2016
Jos Buttler,2017,748,54,18,93.8,Jos Buttler-2017
Jos Buttler,2018,1834,180,52,101.1,Jos Buttler-2018
Jos Buttler,2019,1334,98,64,137.4,Jos Buttler-2019
Jos Buttler,2020,606,66,22,109.8,Jos Buttler-2020
Jos Buttler,2021,1212,102,52,115.2,Jos Buttler-2021
Jos Buttler,2022,1730,152,78,126.3,Jos Buttler-2022
Jos Buttler,2023,966,64,34,108.6,Jos Buttler-2023
Josh Hazlewood,2014,0,0,0,0.0,Josh Hazlewood-2014
Josh Hazlewood,2016,48,9,0,100.0,Josh Hazlewood-2016
Josh Hazlewood,2017,15,3,0,33.3,Josh Hazlewood-2017
Josh Hazlewood,2018,48,6,0,40.7,Josh Hazlewood-2018
Josh Hazlewood,2020,48,0,0,61.3,Josh Hazlewood-2020
Josh Hazlewood,2021,60,6,3,115.3,Josh Hazlewood-2021
Josh Hazlewood,2022,90,6,3,79.5,Josh Hazlewood-2022
KL Rahul,2016,1125,96,33,98.0,KL Rahul-2016
KL Rahul,2017,993,87,39,101.4,KL Rahul-2017
KL Rahul,2018,1179,93,51,119.4,KL Rahul-2018
KL Rahul,2019,2784,252,69,104.2,KL Rahul-2019
KL Rahul,2020,2541,189,87,112.3,KL Rahul-2020
KL Rahul,2021,1398,117,48,95.1,KL Rahul-2021
KL Rahul,2022,2055,132,99,94.2,KL Rahul-2022
KL Rahul,2023,678,63,9,89.1,KL Rahul-2023
Kagiso Rabada,2015,129,15,0,63.0,Kagiso Rabada-2015
Kagiso Rabada,2016,147,6,3,76.5,Kagiso Rabada-2016
Kagiso Rabada,2017,219,21,6,118.8,Kagiso Rabada-2017
Kagiso Rabada,2018,114,6,3,61.2,Kagiso Rabada-2018
Kagiso Rabada,2019,183,12,3,54.8,Kagiso Rabada-2019
Kagiso Rabada,2020,96,9,6,121.9,Kagiso Rabada-2020
Kagiso Rabada,2021,405,39,15,135.3,Kagiso Rabada-2021
Kagiso Rabada,2022,93,6,0,74.6,Kagiso Rabada-2022
Kagiso Rabada,2023,6,0,0,100.0,Kagiso Rabada-2023
Kane Richardson,2013,0,0,0,0.0,Kane Richardson-2013
Kane Richardson,2014,55,5,0,212.5,Kane Richardson-2014
Kane Richardson,2016,140,5,10,137.4,Kane Richardson-2016
Kane Richardson,2017,0,0,0,0.0,Kane Richardson-2017
Kane Richardson,2018,75,0,5,24.4,Kane Richardson-2018
Kane Richardson,2019,30,5,0,175.0,Kane Richardson-2019
Kane Richardson,2020,120,20,5,109.1,Kane Richardson-2020
Kane Richardson,2021,35,0,0,100.0,Kane Richardson-2021
Kane Richardson,2022,5,0,0,50.0,Kane Richardson-2022
Kane Williamson,2010,392,24,4,35.5,Kane Williamson-2010
Kane Williamson,2011,540,44,4,93.7,Kane Williamson-2011
Kane Williamson,2012,1124,88,10,97.1,Kane Williamson-2012
Kane Williamson,2013,906,86,4,62.7,Kane Williamson-2013
Kane Williamson,2014,2008,192,16,93.1,Kane Williamson-2014
Kane Williamson,2015,3040,346,26,93.4,Kane Williamson-2015
Kane Williamson,2016,2164,230,26,87.3,Kane Williamson-2016
Kane Williamson,2017,1604,146,20,88.2,Kane Williamson-2017
Kane Williamson,2018,1438,100,22,81.9,Kane Williamson-2018
Kane Williamson,2019,2058,178,18,81.8,Kane Williamson-2019
Kane Williamson,2020,518,48,22,109.8,Kane Williamson-2020
Kane Williamson,2021,596,48,18,91.1,Kane Williamson-2021
Kane Williamson,2022,1320,88,26,97.9,Kane Williamson-2022
Kane Williamson,2023,328,30,0,76.5,Kane Williamson-2023
Karun Nair,2016,230,30,0,46.2,Karun Nair-2016
Kedar Jadhav,2014,60,9,0,83.3,Kedar Jadhav-2014
Kedar Jadhav,2015,420,45,3,98.8,Kedar Jadhav-2015
Kedar Jadhav,2016,501,42,15,97.3,Kedar Jadhav-2016
Kedar Jadhav,2017,1776,195,36,106.6,Kedar Jadhav-2017
Kedar Jadhav,2018,261,18,6,104.8,Kedar Jadhav-2018
Kedar Jadhav,2019,1410,138,18,100.9,Kedar Jadhav-2019
Kedar Jadhav,2020,105,12,3,103.3,Kedar Jadhav-2020
Keemo Paul,2018,239,12,12,91.9,Keemo Paul-2018
Keemo Paul,2019,64,4,4,79.0,Keemo Paul-2019
Keemo Paul,2020,79,7,4,102.6,Keemo Paul-2020
Keemo Paul,2022,71,9,1,73.6,Keemo Paul-2022
Kevin Pietersen,2004,312,15,9,52.9,Kevin Pietersen-2004
Kevin Pietersen,2005,2454,222,78,97.6,Kevin Pietersen-2005
Kevin Pietersen,2006,1887,228,21,73.9,Kevin Pietersen-2006
Kevin Pietersen,2007,3339,291,48,89.7,Kevin Pietersen-2007
Kevin Pietersen,2008,2238,210,36,81.0,Kevin Pietersen-2008
Kevin Pietersen,2009,981,93,27,100.0,Kevin Pietersen-2009
Kevin Pietersen,2010,1518,156,33,97.1,Kevin Pietersen-2010
Kevin Pietersen,2011,2172,216,45,96.5,Kevin Pietersen-2011
Kevin Pietersen,2012,1179,120,18,100.1,Kevin Pietersen-2012
Kevin Pietersen,2013,768,87,12,66.5,Kevin Pietersen-2013
Kieron Pollard,2007,10,1,0,58.8,Kieron Pollard-2007
Kieron Pollard,2008,59,4,4,92.7,Kieron Pollard-2008
Kieron Pollard,2009,164,10,7,119.7,Kieron Pollard-2009
Kieron Pollard,2010,495,34,19,104.7,Kieron Pollard-2010
Kieron Pollard,2011,528,34,30,82.8,Kieron Pollard-2011
Kieron Pollard,2012,717,45,43,93.1,Kieron Pollard-2012
Kieron Pollard,2013,465,39,17,83.3,Kieron Pollard-2013
Kieron Pollard,2014,202,11,11,94.7,Kieron Pollard-2014
Kieron Pollard,2015,66,4,2,117.1,Kieron Pollard-2015
Kieron Pollard,2016,325,16,16,95.0,Kieron Pollard-2016
Kieron Pollard,2017,26,2,0,65.6,Kieron Pollard-2017
Kieron Pollard,2018,20,1,1,54.2,Kieron Pollard-2018
Kieron Pollard,2019,379,17,30,113.6,Kieron Pollard-2019
Kieron Pollard,2020,266,16,23,132.9,Kieron Pollard-2020
Kieron Pollard,2021,379,19,24,103.9,Kieron Pollard-2021
Kieron Pollard,2022,174,12,7,87.6,Kieron Pollard-2022
Krishnappa Gowtham,2021,10,0,0,66.7,Krishnappa Gowtham-2021
Krunal Pandya,2018,69,9,0,141.7,Krunal Pandya-2018
Krunal Pandya,2019,294,15,18,116.0,Krunal Pandya-2019
Krunal Pandya,2021,399,33,6,111.8,Krunal Pandya-2021
Kuldeep Sen,2022,2,0,0,50.0,Kuldeep Sen-2022
Kuldeep Yadav,2017,74,10,0,48.4,Kuldeep Yadav-2017
Kuldeep Yadav,2018,86,4,0,122.3,Kuldeep Yadav-2018
Kuldeep Yadav,2019,82,6,0,65.6,Kuldeep Yadav-2019
Kuldeep Yadav,2020,34,4,0,113.3,Kuldeep Yadav-2020
Kuldeep Yadav,2021,46,0,0,82.1,Kuldeep Yadav-2021
Kuldeep Yadav,2022,20,0,0,65.6,Kuldeep Yadav-2022
Kuldeep Yadav,2023,56,4,0,57.8,Kuldeep Yadav-2023
Kyle Abbott,2013,14,2,0,112.5,Kyle Abbott-2013
Kyle Abbott,2014,62,4,0,78.2,Kyle Abbott-2014
Kyle Abbott,2015,74,8,0,65.5,Kyle Abbott-2015
Kyle Abbott,2016,48,2,0,65.2,Kyle Abbott-2016
Kyle Jamieson,2020,25,1,2,104.2,Kyle Jamieson-2020
Kyle Jamieson,2021,41,7,0,144.4,Kyle Jamieson-2021
Kyle Jamieson,2022,9,1,0,137.5,Kyle Jamieson-2022
Kyle Mayers,2020,25,1,2,133.9,Kyle Mayers-2020
Kyle Mayers,2021,51,6,1,39.7,Kyle Mayers-2021
Kyle Mayers,2022,818,90,34,98.7,Kyle Mayers-2022
Kyle Mayers,2023,124,12,10,172.2,Kyle Mayers-2023
Lakshmipathy Balaji,2004,95,7,2,77.7,Lakshmipathy Balaji-2004
Lakshmipathy Balaji,2005,18,0,1,76.9,Lakshmipathy Balaji-2005
Lakshmipathy Balaji,2009,7,1,0,70.0,Lakshmipathy Balaji-2009
Lasith Malinga,2004,6,0,0,72.7,Lasith Malinga-2004
Lasith Malinga,2005,1,0,0,16.7,Lasith Malinga-2005
Lasith Malinga,2006,77,6,2,99.0,Lasith Malinga-2006
Lasith Malinga,2007,42,1,2,56.2,Lasith Malinga-2007
Lasith Malinga,2008,19,1,0,20.3,Lasith Malinga-2008
Lasith Malinga,2009,39,2,2,72.1,Lasith Malinga-2009
Lasith Malinga,2010,89,9,3,57.1,Lasith Malinga-2010
Lasith Malinga,2011,93,7,6,109.4,Lasith Malinga-2011
Lasith Malinga,2012,74,5,4,63.9,Lasith Malinga-2012
Lasith Malinga,2013,53,7,1,78.2,Lasith Malinga-2013
Lasith Malinga,2014,18,1,1,30.7,Lasith Malinga-2014
Lasith Malinga,2015,35,2,1,47.9,Lasith Malinga-2015
Lasith Malinga,2017,23,0,1,50.1,Lasith Malinga-2017
Lasith Malinga,2018,15,1,0,137.1,Lasith Malinga-2018
Lasith Malinga,2019,111,12,2,82.3,Lasith Malinga-2019
Lasith Malinga,2020,8,0,1,44.4,Lasith Malinga-2020
Liam Livingstone,2017,48,3,0,44.4,Liam Livingstone-2017
Liam Livingstone,2021,924,51,66,151.0,Liam Livingstone-2021
Liam Livingstone,2022,1047,72,60,109.9,Liam Livingstone-2022
Lockie Ferguson,2016,24,3,0,27.9,Lockie Ferguson-2016
Lockie Ferguson,2017,21,0,0,26.9,Lockie Ferguson-2017
Lockie Ferguson,2018,90,0,3,71.7,Lockie Ferguson-2018
Lockie Ferguson,2019,54,6,0,58.7,Lockie Ferguson-2019
Lockie Ferguson,2020,3,0,0,14.3,Lockie Ferguson-2020
Lockie Ferguson,2021,42,0,6,175.0,Lockie Ferguson-2021
Lockie Ferguson,2022,69,3,0,77.4,Lockie Ferguson-2022
Lockie Ferguson,2023,51,3,0,40.5,Lockie Ferguson-2023
Luke Pomersbach,2007,15,1,1,214.3,Luke Pomersbach-2007
Maheesh Theekshana,2021,19,1,0,92.9,Maheesh Theekshana-2021
Maheesh Theekshana,2022,43,1,2,69.5,Maheesh Theekshana-2022
Maheesh Theekshana,2023,3,0,0,32.5,Maheesh Theekshana-2023
Manoj Tiwary,2008,6,0,0,12.5,Manoj Tiwary-2008
Manoj Tiwary,2011,534,48,6,86.6,Manoj Tiwary-2011
Manoj Tiwary,2012,258,24,0,75.4,Manoj Tiwary-2012
Manoj Tiwary,2014,6,0,0,33.3,Manoj Tiwary-2014
Manoj Tiwary,2015,102,0,3,43.1,Manoj Tiwary-2015
Marco Jansen,2022,56,4,4,64.8,Marco Jansen-2022
Marco Jansen,2023,230,22,6,109.3,Marco Jansen-2023
Marcus Stoinis,2015,56,4,0,102.5,Marcus Stoinis-2015
Marcus Stoinis,2017,1364,100,72,96.3,Marcus Stoinis-2017
Marcus Stoinis,2018,1976,160,64,94.8,Marcus Stoinis-2018
Marcus Stoinis,2019,1348,148,16,67.8,Marcus Stoinis-2019
Marcus Stoinis,2020,624,56,20,110.4,Marcus Stoinis-2020
Marcus Stoinis,2021,880,80,40,127.8,Marcus Stoinis-2021
Marcus Stoinis,2022,2148,164,104,136.7,Marcus Stoinis-2022
Marcus Stoinis,2023,120,16,0,79.3,Marcus Stoinis-2023
Mark Wood,2015,78,9,0,91.7,Mark Wood-2015
Mark Wood,2016,24,3,0,160.0,Mark Wood-2016
Mark Wood,2017,9,0,0,30.0,Mark Wood-2017
Mark Wood,2018,51,3,0,82.9,Mark Wood-2018
Mark Wood,2019,36,6,0,62.5,Mark Wood-2019
Mark Wood,2021,51,3,0,65.1,Mark Wood-2021
Martin Guptill,2009,1954,164,50,87.3,Martin Guptill-2009
Martin Guptill,2010,1126,120,32,77.1,Martin Guptill-2010
Martin Guptill,2011,1514,144,28,81.3,Martin Guptill-2011
Martin Guptill,2012,1744,176,60,90.3,Martin Guptill-2012
Martin Guptill,2013,1112,106,26,83.7,Martin Guptill-2013
Martin Guptill,2014,1002,102,16,70.1,Martin Guptill-2014
Martin Guptill,2015,3260,358,90,93.2,Martin Guptill-2015
Martin Guptill,2016,2238,228,102,118.1,Martin Guptill-2016
Martin Guptill,2017,878,100,30,85.5,Martin Guptill-2017
Martin Guptill,2018,1666,128,68,93.0,Martin Guptill-2018
Martin Guptill,2019,1630,160,60,102.6,Martin Guptill-2019
Martin Guptill,2020,804,70,38,115.3,Martin Guptill-2020
Martin Guptill,2021,1524,122,92,130.7,Martin Guptill-2021
Martin Guptill,2022,1302,140,28,86.6,Martin Guptill-2022
Matt Henry,2014,2,0,0,33.3,Matt Henry-2014
Matt Henry,2015,64,6,2,72.3,Matt Henry-2015
Matt Henry,2016,284,28,12,91.2,Matt Henry-2016
Matt Henry,2017,10,0,0,35.7,Matt Henry-2017
Matt Henry,2019,82,8,4,114.6,Matt Henry-2019
Matt Henry,2022,24,0,0,50.6,Matt Henry-2022
Matt Henry,2023,0,0,0,0.0,Matt Henry-2023
Matthew Wade,2011,11,0,1,88.5,Matthew Wade-2011
Matthew Wade,2012,699,38,14,67.7,Matthew Wade-2012
Matthew Wade,2013,211,19,3,79.8,Matthew Wade-2013
Matthew Wade,2014,190,12,2,92.1,Matthew Wade-2014
Matthew Wade,2015,168,20,3,114.5,Matthew Wade-2015
Matthew Wade,2016,553,32,15,97.2,Matthew Wade-2016
Matthew Wade,2017,184,12,3,85.8,Matthew Wade-2017
Matthew Wade,2020,188,20,5,127.2,Matthew Wade-2020
Matthew Wade,2021,392,30,17,109.6,Matthew Wade-2021
Matthew Wade,2022,289,27,9,142.4,Matthew Wade-2022
Mayank Agarwal,2020,344,48,4,85.3,Mayank Agarwal-2020
Michael Hussey,2004,34,6,0,73.9,Michael Hussey-2004
Michael Hussey,2005,1238,102,26,105.3,Michael Hussey-2005
Michael Hussey,2006,1568,132,28,101.2,Michael Hussey-2006
Michael Hussey,2007,1104,88,32,96.6,Michael Hussey-2007
Michael Hussey,2008,1244,56,8,74.6,Michael Hussey-2008
Michael Hussey,2009,2510,178,36,88.8,Michael Hussey-2009
Michael Hussey,2010,2112,150,30,111.5,Michael Hussey-2010
Michael Hussey,2011,828,56,10,72.9,Michael Hussey-2011
Michael Hussey,2012,1688,114,40,95.6,Michael Hussey-2012
Mitchell Johnson,2006,57,3,3,90.3,Mitchell Johnson-2006
Mitchell Johnson,2007,147,15,3,157.4,Mitchell Johnson-2007
Mitchell Johnson,2008,114,3,0,83.0,Mitchell Johnson-2008
Mitchell Johnson,2009,1008,93,30,97.7,Mitchell Johnson-2009
Mitchell Johnson,2010,402,30,6,86.5,Mitchell Johnson-2010
Mitchell Johnson,2011,714,51,21,103.2,Mitchell Johnson-2011
Mitchell Johnson,2012,36,0,0,79.4,Mitchell Johnson-2012
Mitchell Johnson,2013,315,27,3,87.7,Mitchell Johnson-2013
Mitchell Johnson,2014,285,33,9,123.2,Mitchell Johnson-2014
Mitchell Johnson,2015,102,12,3,88.9,Mitchell Johnson-2015
Mitchell Marsh,2011,176,4,16,165.7,Mitchell Marsh-2011
Mitchell Marsh,2012,52,8,0,50.0,Mitchell Marsh-2012
Mitchell Marsh,2013,124,16,0,54.0,Mitchell Marsh-2013
Mitchell Marsh,2014,1284,80,56,90.7,Mitchell Marsh-2014
Mitchell Marsh,2015,996,88,20,91.0,Mitchell Marsh-2015
Mitchell Marsh,2016,2852,252,76,101.6,Mitchell Marsh-2016
Mitchell Marsh,2017,16,0,0,11.8,Mitchell Marsh-2017
Mitchell Marsh,2018,912,60,16,92.0,Mitchell Marsh-2018
Mitchell Marsh,2020,1080,72,16,79.5,Mitchell Marsh-2020
Mitchell Marsh,2021,2736,256,104,118.6,Mitchell Marsh-2021
Mitchell Marsh,2022,1372,104,60,105.9,Mitchell Marsh-2022
Mitchell Marsh,2023,776,96,48,136.0,Mitchell Marsh-2023
Mitchell McClenaghan,2012,1,0,0,50.0,Mitchell McClenaghan-2012
Mitchell McClenaghan,2013,17,1,0,52.8,Mitchell McClenaghan-2013
Mitchell McClenaghan,2014,43,5,0,48.9,Mitchell McClenaghan-2014
Mitchell McClenaghan,2015,23,2,1,76.6,Mitchell McClenaghan-2015
Mitchell McClenaghan,2016,38,3,3,274.1,Mitchell McClenaghan-2016
Mitchell McClenaghan,2018,10,0,1,125.0,Mitchell McClenaghan-2018
Mitchell Santner,2015,432,36,15,107.1,Mitchell Santner-2015
Mitchell Santner,2016,783,54,15,79.2,Mitchell Santner-2016
Mitchell Santner,2017,714,57,24,100.2,Mitchell Santner-2017
Mitchell Santner,2018,894,69,27,142.1,Mitchell Santner-2018
Mitchell Santner,2019,660,36,18,120.4,Mitchell Santner-2019
Mitchell Santner,2020,264,9,15,113.8,Mitchell Santner-2020
Mitchell Santner,2021,108,6,0,102.6,Mitchell Santner-2021
Mitchell Santner,2022,789,69,24,97.5,Mitchell Santner-2022
Mitchell Santner,2023,690,63,12,103.7,Mitchell Santner-2023
Mitchell Starc,2012,92,10,0,98.8,Mitchell Starc-2012
Mitchell Starc,2013,158,18,0,93.9,Mitchell Starc-2013
Mitchell Starc,2014,96,0,4,76.8,Mitchell Starc-2014
Mitchell Starc,2015,4,0,0,41.7,Mitchell Starc-2015
Mitchell Starc,2016,90,8,4,101.9,Mitchell Starc-2016
Mitchell Starc,2017,102,4,6,88.5,Mitchell Starc-2017
Mitchell Starc,2018,42,6,0,50.0,Mitchell Starc-2018
Mitchell Starc,2019,136,6,4,82.1,Mitchell Starc-2019
Mitchell Starc,2020,130,6,6,124.1,Mitchell Starc-2020
Mitchell Starc,2021,172,14,2,107.1,Mitchell Starc-2021
Mitchell Starc,2022,104,4,2,55.9,Mitchell Starc-2022
Mitchell Starc,2023,28,2,2,65.5,Mitchell Starc-2023
Moeen Ali,2014,956,84,34,80.0,Moeen Ali-2014
Moeen Ali,2015,896,94,26,78.5,Moeen Ali-2015
Moeen Ali,2016,430,30,10,81.2,Moeen Ali-2016
Moeen Ali,2017,810,72,34,109.5,Moeen Ali-2017
Moeen Ali,2018,620,54,18,92.2,Moeen Ali-2018
Moeen Ali,2019,290,16,16,80.1,Moeen Ali-2019
Moeen Ali,2020,362,30,20,122.0,Moeen Ali-2020
Moeen Ali,2021,448,36,16,93.6,Moeen Ali-2021
Moeen Ali,2022,1378,102,74,116.9,Moeen Ali-2022
Moeen Ali,2023,386,28,18,94.7,Moeen Ali-2023
Mohammad Nabi,2009,222,18,9,104.1,Mohammad Nabi-2009
Mohammad Nabi,2010,957,63,45,74.8,Mohammad Nabi-2010
Mohammad Nabi,2011,315,12,18,125.0,Mohammad Nabi-2011
Mohammad Nabi,2012,588,30,30,93.8,Mohammad Nabi-2012
Mohammad Nabi,2013,657,51,27,110.6,Mohammad Nabi-2013
Mohammad Nabi,2014,1239,84,39,85.7,Mohammad Nabi-2014
Mohammad Nabi,2015,1617,90,54,83.3,Mohammad Nabi-2015
Mohammad Nabi,2016,1461,96,45,99.0,Mohammad Nabi-2016
Mohammad Nabi,2017,1488,102,60,104.5,Mohammad Nabi-2017
Mohammad Nabi,2018,1803,108,81,108.4,Mohammad Nabi-2018
Mohammad Nabi,2019,1947,117,90,101.2,Mohammad Nabi-2019
Mohammad Nabi,2020,93,6,3,104.4,Mohammad Nabi-2020
Mohammad Nabi,2021,633,57,21,122.4,Mohammad Nabi-2021
Mohammad Nabi,2022,942,75,21,92.6,Mohammad Nabi-2022
Mohammad Nabi,2023,207,12,9,141.9,Mohammad Nabi-2023
Mohammed Siraj,2022,50,6,0,51.2,Mohammed Siraj-2022
Mohammed Siraj,2023,20,0,0,49.2,Mohammed Siraj-2023
Mohsin Khan,1977,75,0,0,39.5,Mohsin Khan-1977
Mohsin Khan,1978,345,25,0,45.4,Mohsin Khan-1978
Mohsin Khan,1981,230,15,0,28.9,Mohsin Khan-1981
Mohsin Khan,1982,2355,235,10,61.1,Mohsin Khan-1982
Mohsin Khan,1983,1280,75,5,32.8,Mohsin Khan-1983
Mohsin Khan,1984,1415,110,5,48.0,Mohsin Khan-1984
Mohsin Khan,1985,2055,130,10,50.4,Mohsin Khan-1985
Mohsin Khan,1986,1630,165,5,57.2,Mohsin Khan-1986
Moises Henriques,2009,76,0,0,55.6,Moises Henriques-2009
Moises Henriques,2013,104,4,0,81.8,Moises Henriques-2013
Moises Henriques,2015,16,0,0,36.4,Moises Henriques-2015
Moises Henriques,2016,44,0,0,48.0,Moises Henriques-2016
Moises Henriques,2017,720,56,28,118.5,Moises Henriques-2017
Moises Henriques,2020,340,20,8,163.1,Moises Henriques-2020
Moises Henriques,2021,588,28,24,83.3,Moises Henriques-2021
Morne Morkel,2007,106,10,4,98.7,Morne Morkel-2007
Morne Morkel,2008,24,2,0,86.7,Morne Morkel-2008
Morne Morkel,2009,48,6,0,63.9,Morne Morkel-2009
Morne Morkel,2010,36,4,0,59.1,Morne Morkel-2010
Morne Morkel,2011,22,2,0,25.9,Morne Morkel-2011
Morne Morkel,2012,28,2,2,121.2,Morne Morkel-2012
Morne Morkel,2013,122,10,6,68.1,Morne Morkel-2013
Morne Morkel,2014,44,6,0,26.2,Morne Morkel-2014
Morne Morkel,2015,30,4,0,83.0,Morne Morkel-2015
Morne Morkel,2016,64,6,0,68.1,Morne Morkel-2016
Morne Morkel,2017,12,2,0,75.0,Morne Morkel-2017
Morne Morkel,2018,44,0,4,54.5,Morne Morkel-2018
Munaf Patel,2006,12,0,0,37.2,Munaf Patel-2006
Munaf Patel,2007,52,6,0,64.1,Munaf Patel-2007
Munaf Patel,2008,40,4,2,81.4,Munaf Patel-2008
Munaf Patel,2009,4,0,0,33.3,Munaf Patel-2009
Munaf Patel,2010,16,2,0,56.7,Munaf Patel-2010
Munaf Patel,2011,24,2,0,57.4,Munaf Patel-2011
Murali Kartik,2002,26,2,0,54.9,Murali Kartik-2002
Murali Kartik,2003,12,0,0,44.0,Murali Kartik-2003
Murali Kartik,2004,122,10,0,70.0,Murali Kartik-2004
Murali Kartik,2005,16,0,0,57.1,Murali Kartik-2005
Murali Kartik,2006,2,0,0,33.3,Murali Kartik-2006
Murali Kartik,2007,74,8,2,73.9,Murali Kartik-2007
Murali Vijay,2010,1144,100,28,71.5,Murali Vijay-2010
Murali Vijay,2011,128,24,0,53.1,Murali Vijay-2011
Murali Vijay,2013,228,28,0,107.6,Murali Vijay-2013
Murali Vijay,2015,532,32,16,89.2,Murali Vijay-2015
Mustafizur Rahman,2015,85,10,0,56.4,Mustafizur Rahman-2015
Mustafizur Rahman,2016,30,0,5,100.0,Mustafizur Rahman-2016
Mustafizur Rahman,2017,10,0,0,31.3,Mustafizur Rahman-2017
Mustafizur Rahman,2018,270,20,5,49.6,Mustafizur Rahman-2018
Mustafizur Rahman,2019,210,30,5,61.2,Mustafizur Rahman-2019
Mustafizur Rahman,2021,55,0,0,27.9,Mustafizur Rahman-2021
Mustafizur Rahman,2022,205,20,5,83.8,Mustafizur Rahman-2022
Mustafizur Rahman,2023,5,0,0,16.7,Mustafizur Rahman-2023
Naman Ojha,2010,26,4,0,30.7,Naman Ojha-2010
Nathan Ellis,2021,1,0,0,14.3,Nathan Ellis-2021
Nathan Ellis,2022,6,0,0,75.0,Nathan Ellis-2022
Nathan McCullum,2007,1,0,0,25.0,Nathan McCullum-2007
Nathan McCullum,2009,42,2,1,74.1,Nathan McCullum-2009
Nathan McCullum,2010,343,21,5,88.8,Nathan McCullum-2010
Nathan McCullum,2011,233,18,8,100.2,Nathan McCullum-2011
Nathan McCullum,2012,242,11,10,83.4,Nathan McCullum-2012
Nathan McCullum,2013,321,25,12,116.9,Nathan McCullum-2013
Nathan McCullum,2014,76,4,2,86.1,Nathan McCullum-2014
Nathan McCullum,2015,111,7,3,92.6,Nathan McCullum-2015
Nathan McCullum,2016,0,0,0,0.0,Nathan McCullum-2016
Navdeep Saini,2019,0,0,0,0.0,Navdeep Saini-2019
Navdeep Saini,2020,412,44,12,106.0,Navdeep Saini-2020
Navdeep Saini,2021,64,0,0,70.3,Navdeep Saini-2021
Nic Maddinson,2013,34,6,1,212.5,Nic Maddinson-2013
Nic Maddinson,2014,4,0,0,66.7,Nic Maddinson-2014
Nic Maddinson,2018,7,0,0,51.3,Nic Maddinson-2018
Nicholas Pooran,2016,25,2,1,108.3,Nicholas Pooran-2016
Nicholas Pooran,2018,123,12,7,167.0,Nicholas Pooran-2018
Nicholas Pooran,2019,892,77,36,98.2,Nicholas Pooran-2019
Nicholas Pooran,2020,253,25,5,105.6,Nicholas Pooran-2020
Nicholas Pooran,2021,596,37,36,110.3,Nicholas Pooran-2021
Nicholas Pooran,2022,1093,70,59,95.4,Nicholas Pooran-2022
Nicholas Pooran,2023,137,11,7,140.3,Nicholas Pooran-2023
Nitish Rana,2021,132,0,0,55.0,Nitish Rana-2021
Obed Mccoy,2018,0,0,0,0.0,Obed Mccoy-2018
Obed Mccoy,2019,11,1,1,95.8,Obed Mccoy-2019
Obed Mccoy,2021,25,2,2,95.5,Obed Mccoy-2021
Obed Mccoy,2022,27,3,1,61.2,Obed Mccoy-2022
Odean Smith,2018,6,1,0,120.0,Odean Smith-2018
Odean Smith,2021,36,3,3,175.0,Odean Smith-2021
Odean Smith,2022,264,16,21,135.7,Odean Smith-2022
Odean Smith,2023,34,4,1,113.3,Odean Smith-2023
Oshane Thomas,2018,16,4,0,40.0,Oshane Thomas-2018
Oshane Thomas,2019,26,2,0,14.0,Oshane Thomas-2019
Oshane Thomas,2020,0,0,0,0.0,Oshane Thomas-2020
Oshane Thomas,2021,2,0,0,16.7,Oshane Thomas-2021
Pankaj Singh,2010,3,0,0,100.0,Pankaj Singh-2010
Parthiv Patel,2003,198,15,0,56.6,Parthiv Patel-2003
Parthiv Patel,2004,198,24,0,63.6,Parthiv Patel-2004
Parthiv Patel,2010,327,42,3,86.5,Parthiv Patel-2010
Parthiv Patel,2011,1581,168,21,77.2,Parthiv Patel-2011
Parthiv Patel,2012,12,0,0,57.1,Parthiv Patel-2012
Pat Cummins,2011,51,6,0,98.8,Pat Cummins-2011
Pat Cummins,2012,78,6,3,90.8,Pat Cummins-2012
Pat Cummins,2014,12,0,0,47.6,Pat Cummins-2014
Pat Cummins,2015,36,3,0,61.7,Pat Cummins-2015
Pat Cummins,2016,0,0,0,0.0,Pat Cummins-2016
Pat Cummins,2017,291,21,9,73.8,Pat Cummins-2017
Pat Cummins,2018,114,6,0,57.6,Pat Cummins-2018
Pat Cummins,2019,225,18,0,76.5,Pat Cummins-2019
Pat Cummins,2020,192,9,9,92.5,Pat Cummins-2020
Pat Cummins,2021,36,0,6,400.0,Pat Cummins-2021
Pat Cummins,2022,285,18,6,96.0,Pat Cummins-2022
Peter Handscomb,2017,298,20,2,72.9,Peter Handscomb-2017
Peter Handscomb,2019,1032,74,10,88.0,Peter Handscomb-2019
Piyush Chawla,2007,80,4,0,62.6,Piyush Chawla-2007
Piyush Chawla,2008,32,4,0,113.3,Piyush Chawla-2008
Piyush Chawla,2011,40,4,0,61.4,Piyush Chawla-2011
Piyush Chawla,2012,0,0,0,0.0,Piyush Chawla-2012
Pragyan Ojha,2008,81,6,0,48.7,Pragyan Ojha-2008
Pragyan Ojha,2009,30,0,3,166.7,Pragyan Ojha-2009
Pragyan Ojha,2010,42,3,0,36.8,Pragyan Ojha-2010
Pragyan Ojha,2012,15,0,0,27.8,Pragyan Ojha-2012
Prasidh Krishna,2021,0,0,0,0.0,Prasidh Krishna-2021
Prasidh Krishna,2022,2,0,0,22.2,Prasidh Krishna-2022
Praveen Kumar,2007,24,2,0,92.3,Praveen Kumar-2007
Praveen Kumar,2008,70,2,0,72.9,Praveen Kumar-2008
Praveen Kumar,2009,294,34,6,80.9,Praveen Kumar-2009
Praveen Kumar,2010,74,4,2,56.1,Praveen Kumar-2010
Praveen Kumar,2011,104,4,6,69.0,Praveen Kumar-2011
Praveen Kumar,2012,32,4,0,56.6,Praveen Kumar-2012
Prithvi Shaw,2020,84,12,2,105.6,Prithvi Shaw-2020
Prithvi Shaw,2021,105,20,0,99.3,Prithvi Shaw-2021
Quinton De Kock,2012,180,30,0,85.9,Quinton De Kock-2012
Quinton De Kock,2013,5568,648,66,90.1,Quinton De Kock-2013
Quinton De Kock,2014,5886,606,114,89.6,Quinton De Kock-2014
Quinton De Kock,2015,3402,456,36,79.9,Quinton De Kock-2015
Quinton De Kock,2016,6516,732,204,111.5,Quinton De Kock-2016
Quinton De Kock,2017,6090,666,54,80.1,Quinton De Kock-2017
Quinton De Kock,2018,2400,294,42,99.6,Quinton De Kock-2018
Quinton De Kock,2019,5508,696,90,91.5,Quinton De Kock-2019
Quinton De Kock,2020,3078,222,156,126.1,Quinton De Kock-2020
Quinton De Kock,2021,4464,468,114,127.8,Quinton De Kock-2021
Quinton De Kock,2022,4842,534,120,96.8,Quinton De Kock-2022
Quinton De Kock,2023,1524,180,78,99.7,Quinton De Kock-2023
Rahul Chahar,2021,72,4,0,76.0,Rahul Chahar-2021
Rahul Tripathi,2023,291,33,15,118.2,Rahul Tripathi-2023
Rassie Van Der Dussen,2018,69,6,2,144.9,Rassie Van Der Dussen-2018
Rassie Van Der Dussen,2019,849,45,26,84.6,Rassie Van Der Dussen-2019
Rassie Van Der Dussen,2020,331,21,14,121.1,Rassie Van Der Dussen-2020
Rassie Van Der Dussen,2021,733,52,20,104.3,Rassie Van Der Dussen-2021
Rassie Van Der Dussen,2022,587,50,11,77.4,Rassie Van Der Dussen-2022
Rassie Van Der Dussen,2023,232,21,2,91.9,Rassie Van Der Dussen-2023
Ravi Bishnoi,2022,14,3,0,233.3,Ravi Bishnoi-2022
Ravi Bopara,2007,608,56,0,74.5,Ravi Bopara-2007
Ravi Bopara,2008,594,62,10,60.9,Ravi Bopara-2008
Ravi Bopara,2009,1190,108,10,72.1,Ravi Bopara-2009
Ravi Bopara,2010,270,14,14,115.0,Ravi Bopara-2010
Ravi Bopara,2011,974,68,6,77.6,Ravi Bopara-2011
Ravi Bopara,2012,892,72,4,64.8,Ravi Bopara-2012
Ravi Bopara,2013,786,54,26,108.8,Ravi Bopara-2013
Ravi Bopara,2014,1384,78,32,103.4,Ravi Bopara-2014
Ravi Bopara,2015,114,4,0,59.6,Ravi Bopara-2015
Ravi Rampaul,2003,2,0,0,9.1,Ravi Rampaul-2003
Ravi Rampaul,2004,68,6,0,66.5,Ravi Rampaul-2004
Ravi Rampaul,2007,100,8,6,73.0,Ravi Rampaul-2007
Ravi Rampaul,2008,6,0,0,26.3,Ravi Rampaul-2008
Ravi Rampaul,2009,46,4,2,79.3,Ravi Rampaul-2009
Ravi Rampaul,2010,130,10,2,91.4,Ravi Rampaul-2010
Ravi Rampaul,2011,260,24,12,58.3,Ravi Rampaul-2011
Ravi Rampaul,2012,90,12,2,75.3,Ravi Rampaul-2012
Ravi Rampaul,2013,6,0,0,17.9,Ravi Rampaul-2013
Ravi Rampaul,2014,34,2,2,71.5,Ravi Rampaul-2014
Ravi Rampaul,2015,6,0,0,75.0,Ravi Rampaul-2015
Ravi Rampaul,2021,6,0,0,37.5,Ravi Rampaul-2021
Ravichandran Ashwin,2010,38,4,1,59.4,Ravichandran Ashwin-2010
Ravichandran Ashwin,2011,143,13,0,105.7,Ravichandran Ashwin-2011
Ravichandran Ashwin,2012,167,13,1,89.7,Ravichandran Ashwin-2012
Ravichandran Ashwin,2013,167,17,2,78.7,Ravichandran Ashwin-2013
Ravichandran Ashwin,2014,149,18,2,109.9,Ravichandran Ashwin-2014
Ravichandran Ashwin,2015,59,1,0,63.5,Ravichandran Ashwin-2015
Ravichandran Ashwin,2016,47,6,0,119.8,Ravichandran Ashwin-2016
Ravichandran Ashwin,2017,28,1,1,93.5,Ravichandran Ashwin-2017
Ravichandran Ashwin,2022,93,4,4,122.1,Ravichandran Ashwin-2022
Ricky Ponting,1995,196,7,1,64.1,Ricky Ponting-1995
Ricky Ponting,1996,733,41,4,55.1,Ricky Ponting-1996
Ricky Ponting,1997,75,5,0,66.7,Ricky Ponting-1997
Ricky Ponting,1998,1166,93,6,73.0,Ricky Ponting-1998
Ricky Ponting,1999,1038,82,10,64.9,Ricky Ponting-1999
Ricky Ponting,2000,510,49,2,64.0,Ricky Ponting-2000
Ricky Ponting,2001,828,88,7,90.3,Ricky Ponting-2001
Ricky Ponting,2002,882,85,15,67.2,Ricky Ponting-2002
Ricky Ponting,2003,1154,87,27,67.0,Ricky Ponting-2003
Ricky Ponting,2004,840,74,13,77.6,Ricky Ponting-2004
Ricky Ponting,2005,1289,122,25,70.3,Ricky Ponting-2005
Ricky Ponting,2006,831,84,16,72.0,Ricky Ponting-2006
Ricky Ponting,2007,1608,165,19,93.9,Ricky Ponting-2007
Ricky Ponting,2008,278,22,1,48.1,Ricky Ponting-2008
Ricky Ponting,2009,1284,130,13,76.0,Ricky Ponting-2009
Ricky Ponting,2010,771,73,9,67.8,Ricky Ponting-2010
Ricky Ponting,2011,604,64,5,75.3,Ricky Ponting-2011
Ricky Ponting,2012,18,1,0,26.3,Ricky Ponting-2012
Riley Meredith,2021,0,0,0,0.0,Riley Meredith-2021
Rishabh Pant,2017,43,3,1,137.6,Rishabh Pant-2017
Rishabh Pant,2018,155,14,6,93.1,Rishabh Pant-2018
Rishabh Pant,2019,557,49,20,99.2,Rishabh Pant-2019
Rishabh Pant,2020,29,2,1,92.4,Rishabh Pant-2020
Rishabh Pant,2021,368,24,21,136.0,Rishabh Pant-2021
Rishabh Pant,2022,700,84,14,107.0,Rishabh Pant-2022
Rishi Dhawan,2016,39,3,0,74.2,Rishi Dhawan-2016
Robin Uthappa,2006,392,52,4,46.5,Robin Uthappa-2006
Robin Uthappa,2007,2628,332,76,98.6,Robin Uthappa-2007
Robin Uthappa,2008,720,48,8,67.0,Robin Uthappa-2008
Robin Uthappa,2011,4,0,0,33.3,Robin Uthappa-2011
Robin Uthappa,2012,72,4,0,94.7,Robin Uthappa-2012
Robin Uthappa,2014,416,36,12,80.2,Robin Uthappa-2014
Robin Uthappa,2015,500,60,0,93.6,Robin Uthappa-2015
Romario Shepherd,2019,6,0,0,66.7,Romario Shepherd-2019
Romario Shepherd,2020,9,0,1,52.5,Romario Shepherd-2020
Romario Shepherd,2021,56,4,3,157.7,Romario Shepherd-2021
Romario Shepherd,2022,340,20,20,108.0,Romario Shepherd-2022
Romario Shepherd,2023,88,3,7,159.3,Romario Shepherd-2023
Ross Taylor,2006,214,25,4,94.7,Ross Taylor-2006
Ross Taylor,2007,788,66,20,69.7,Ross Taylor-2007
Ross Taylor,2008,580,50,23,94.4,Ross Taylor-2008
Ross Taylor,2009,834,63,20,90.4,Ross Taylor-2009
Ross Taylor,2010,867,57,28,79.2,Ross Taylor-2010
Ross Taylor,2011,569,38,19,81.9,Ross Taylor-2011
Ross Taylor,2012,409,31,12,106.5,Ross Taylor-2012
Ross Taylor,2013,593,47,12,77.7,Ross Taylor-2013
Ross Taylor,2014,846,70,12,92.1,Ross Taylor-2014
Ross Taylor,2015,1063,87,12,73.1,Ross Taylor-2015
Ross Taylor,2016,319,24,6,99.6,Ross Taylor-2016
Ross Taylor,2017,988,92,2,80.0,Ross Taylor-2017
Ross Taylor,2018,830,58,13,107.5,Ross Taylor-2018
Ross Taylor,2019,1219,96,22,95.2,Ross Taylor-2019
Ross Taylor,2020,364,28,12,105.3,Ross Taylor-2020
Ross Taylor,2021,7,1,0,50.0,Ross Taylor-2021
Ross Taylor,2022,26,1,1,54.1,Ross Taylor-2022
Rovman Powell,2016,308,16,16,102.6,Rovman Powell-2016
Rovman Powell,2017,1044,60,52,77.4,Rovman Powell-2017
Rovman Powell,2018,2212,160,84,79.7,Rovman Powell-2018
Rovman Powell,2019,360,32,20,132.9,Rovman Powell-2019
Rovman Powell,2020,104,12,0,76.2,Rovman Powell-2020
Rovman Powell,2021,624,28,32,89.4,Rovman Powell-2021
Rovman Powell,2022,2496,132,168,115.3,Rovman Powell-2022
Rovman Powell,2023,520,20,44,164.4,Rovman Powell-2023
Ruturaj Gaikwad,2021,35,3,0,128.3,Ruturaj Gaikwad-2021
Ruturaj Gaikwad,2022,119,11,5,84.5,Ruturaj Gaikwad-2022
Ryan McLaren,2009,12,1,0,51.7,Ryan McLaren-2009
Ryan McLaren,2010,33,3,0,69.1,Ryan McLaren-2010
Ryan McLaren,2012,1,0,0,100.0,Ryan McLaren-2012
Ryan McLaren,2013,372,32,6,78.5,Ryan McLaren-2013
Ryan McLaren,2014,76,6,0,49.6,Ryan McLaren-2014
Ryan Ten Doeschate,2006,259,30,7,104.7,Ryan Ten Doeschate-2006
Ryan Ten Doeschate,2007,356,38,2,70.7,Ryan Ten Doeschate-2007
Ryan Ten Doeschate,2008,131,3,6,83.4,Ryan Ten Doeschate-2008
Ryan Ten Doeschate,2009,400,21,8,97.0,Ryan Ten Doeschate-2009
Ryan Ten Doeschate,2010,302,23,8,111.5,Ryan Ten Doeschate-2010
Ryan Ten Doeschate,2011,307,26,5,81.5,Ryan Ten Doeschate-2011
Ryan Ten Doeschate,2018,38,1,1,140.7,Ryan Ten Doeschate-2018
Ryan Ten Doeschate,2019,281,15,11,106.4,Ryan Ten Doeschate-2019
Ryan Ten Doeschate,2021,0,0,0,0.0,Ryan Ten Doeschate-2021
Sam Billings,2015,736,76,20,123.9,Sam Billings-2015
Sam Billings,2016,268,20,4,86.6,Sam Billings-2016
Sam Billings,2017,580,64,12,81.1,Sam Billings-2017
Sam Billings,2018,336,32,4,90.7,Sam Billings-2018
Sam Billings,2019,556,56,12,95.0,Sam Billings-2019
Sam Billings,2020,1432,168,20,100.7,Sam Billings-2020
Sam Billings,2021,188,12,0,67.2,Sam Billings-2021
Sam Billings,2022,624,32,24,116.7,Sam Billings-2022
Sam Curran,2018,34,2,2,48.2,Sam Curran-2018
Sam Curran,2019,70,6,4,133.8,Sam Curran-2019
Sam Curran,2020,32,0,2,78.1,Sam Curran-2020
Sam Curran,2021,328,28,12,162.6,Sam Curran-2021
Sam Curran,2022,264,12,14,100.7,Sam Curran-2022
Sam Curran,2023,268,10,18,110.3,Sam Curran-2023
Samuel Badree,2012,2,0,0,25.0,Samuel Badree-2012
Samuel Badree,2013,2,0,0,100.0,Samuel Badree-2013
Samuel Badree,2014,44,2,0,82.3,Samuel Badree-2014
Samuel Badree,2016,8,0,0,75.0,Samuel Badree-2016
Samuel Badree,2017,6,0,0,33.3,Samuel Badree-2017
Samuel Badree,2018,24,0,2,93.3,Samuel Badree-2018
Sandeep Lamichhane,2018,15,0,0,45.8,Sandeep Lamichhane-2018
Sandeep Lamichhane,2019,48,3,0,77.6,Sandeep Lamichhane-2019
Sandeep Lamichhane,2020,39,3,2,56.0,Sandeep Lamichhane-2020
Sandeep Lamichhane,2021,27,2,1,83.9,Sandeep Lamichhane-2021
Sandeep Lamichhane,2022,98,8,2,90.8,Sandeep Lamichhane-2022
Sandeep Lamichhane,2023,106,9,1,85.5,Sandeep Lamichhane-2023
Sanju Samson,2015,38,2,0,79.2,Sanju Samson-2015
Sanju Samson,2020,128,4,8,152.4,Sanju Samson-2020
Sanju Samson,2021,160,14,4,72.2,Sanju Samson-2021
Sanju Samson,2022,926,76,44,114.6,Sanju Samson-2022
Sanju Samson,2023,10,0,0,83.3,Sanju Samson-2023
Saurabh Tiwary,2010,245,25,5,82.7,Saurabh Tiwary-2010
Scott Boland,2016,9,0,0,54.2,Scott Boland-2016
Sean Abbott,2014,16,2,0,52.7,Sean Abbott-2014
Sean Abbott,2020,32,0,2,97.2,Sean Abbott-2020
Sean Abbott,2022,196,26,2,99.9,Sean Abbott-2022
Sean Abbott,2023,52,4,2,56.5,Sean Abbott-2023
Shakib Al Hasan,2006,1161,117,0,71.2,Shakib Al Hasan-2006
Shakib Al Hasan,2007,2022,180,12,63.1,Shakib Al Hasan-2007
Shakib Al Hasan,2008,1236,114,0,60.9,Shakib Al Hasan-2008
Shakib Al Hasan,2009,2109,195,42,97.0,Shakib Al Hasan-2009
Shakib Al Hasan,2010,2595,219,15,77.1,Shakib Al Hasan-2010
Shakib Al Hasan,2011,1713,114,9,66.5,Shakib Al Hasan-2011
Shakib Al Hasan,2012,1338,150,18,111.3,Shakib Al Hasan-2012
Shakib Al Hasan,2013,474,54,9,102.8,Shakib Al Hasan-2013
Shakib Al Hasan,2014,1539,147,42,96.3,Shakib Al Hasan-2014
Shakib Al Hasan,2015,1536,150,12,87.1,Shakib Al Hasan-2015
Shakib Al Hasan,2016,1536,135,27,95.1,Shakib Al Hasan-2016
Shakib Al Hasan,2017,1650,159,6,86.7,Shakib Al Hasan-2017
Shakib Al Hasan,2018,2235,234,18,91.9,Shakib Al Hasan-2018
Shakib Al Hasan,2019,2526,243,15,96.9,Shakib Al Hasan-2019
Shakib Al Hasan,2021,1812,156,18,89.7,Shakib Al Hasan-2021
Shakib Al Hasan,2022,1752,165,36,92.9,Shakib Al Hasan-2022
Shakib Al Hasan,2023,1059,111,6,97.3,Shakib Al Hasan-2023
Shane Watson,2002,472,24,8,84.7,Shane Watson-2002
Shane Watson,2003,104,6,0,61.1,Shane Watson-2003
Shane Watson,2004,56,6,0,71.4,Shane Watson-2004
Shane Watson,2005,276,12,4,81.0,Shane Watson-2005
Shane Watson,2006,568,64,4,59.1,Shane Watson-2006
Shane Watson,2007,534,50,14,132.6,Shane Watson-2007
Shane Watson,2008,558,66,6,80.5,Shane Watson-2008
Shane Watson,2009,2156,224,42,75.0,Shane Watson-2009
Shane Watson,2010,2128,214,66,96.6,Shane Watson-2010
Shane Watson,2011,2668,268,110,116.3,Shane Watson-2011
Shane Watson,2012,1566,114,68,93.2,Shane Watson-2012
Shane Watson,2013,1486,160,46,101.0,Shane Watson-2013
Shane Watson,2014,582,46,16,67.5,Shane Watson-2014
Shane Watson,2015,688,66,16,90.8,Shane Watson-2015
Shane Watson,2016,596,50,28,135.2,Shane Watson-2016
Shardul Thakur,2018,22,0,2,84.6,Shardul Thakur-2018
Shardul Thakur,2019,17,2,1,283.3,Shardul Thakur-2019
Shardul Thakur,2020,97,9,4,169.6,Shardul Thakur-2020
Shardul Thakur,2021,40,3,3,98.2,Shardul Thakur-2021
Shardul Thakur,2022,163,17,2,84.4,Shardul Thakur-2022
Shardul Thakur,2023,28,3,1,123.5,Shardul Thakur-2023
Shaun Marsh,2008,362,35,4,71.5,Shaun Marsh-2008
Shaun Marsh,2009,417,36,5,75.5,Shaun Marsh-2009
Shaun Marsh,2010,313,27,4,65.2,Shaun Marsh-2010
Shaun Marsh,2011,290,27,5,63.1,Shaun Marsh-2011
Shaun Marsh,2012,0,0,0,0.0,Shaun Marsh-2012
Shaun Marsh,2013,331,29,10,80.1,Shaun Marsh-2013
Shaun Marsh,2014,177,19,0,79.2,Shaun Marsh-2014
Shaun Marsh,2015,45,6,0,93.8,Shaun Marsh-2015
Shaun Marsh,2016,178,15,0,67.1,Shaun Marsh-2016
Shaun Marsh,2017,38,7,0,88.1,Shaun Marsh-2017
Shaun Marsh,2018,416,28,12,91.1,Shaun Marsh-2018
Shaun Marsh,2019,461,33,6,68.8,Shaun Marsh-2019
Sheldon Cottrell,2015,6,0,0,41.7,Sheldon Cottrell-2015
Sheldon Cottrell,2017,22,2,0,73.9,Sheldon Cottrell-2017
Sheldon Cottrell,2018,10,0,0,71.4,Sheldon Cottrell-2018
Sheldon Cottrell,2019,144,14,6,72.1,Sheldon Cottrell-2019
Sheldon Cottrell,2020,20,0,2,56.2,Sheldon Cottrell-2020
Sheldon Cottrell,2021,10,0,0,55.6,Sheldon Cottrell-2021
Sherfane Rutherford,2018,4,0,0,33.3,Sherfane Rutherford-2018
Sherfane Rutherford,2019,30,2,0,102.3,Sherfane Rutherford-2019
Sherfane Rutherford,2020,52,0,6,200.0,Sherfane Rutherford-2020
Shikhar Dhawan,2010,0,0,0,0.0,Shikhar Dhawan-2010
Shikhar Dhawan,2011,148,8,2,51.3,Shikhar Dhawan-2011
Shikhar Dhawan,2013,2388,302,18,96.0,Shikhar Dhawan-2013
Shikhar Dhawan,2014,1758,194,32,73.8,Shikhar Dhawan-2014
Shikhar Dhawan,2015,1518,186,18,73.3,Shikhar Dhawan-2015
Shikhar Dhawan,2016,1176,134,30,103.1,Shikhar Dhawan-2016
Shikhar Dhawan,2017,2174,286,32,92.9,Shikhar Dhawan-2017
Shikhar Dhawan,2018,3172,394,72,118.3,Shikhar Dhawan-2018
Shikhar Dhawan,2019,1710,204,22,84.2,Shikhar Dhawan-2019
Shikhar Dhawan,2020,910,110,10,101.3,Shikhar Dhawan-2020
Shikhar Dhawan,2021,774,90,8,77.7,Shikhar Dhawan-2021
Shikhar Dhawan,2022,1376,158,14,64.3,Shikhar Dhawan-2022
Shimron Hetmyer,2017,93,12,0,59.5,Shimron Hetmyer-2017
Shimron Hetmyer,2018,2412,171,99,103.9,Shimron Hetmyer-2018
Shimron Hetmyer,2019,2580,189,108,106.8,Shimron Hetmyer-2019
Shimron Hetmyer,2020,342,24,9,86.0,Shimron Hetmyer-2020
Shimron Hetmyer,2021,912,66,36,104.0,Shimron Hetmyer-2021
Shimron Hetmyer,2022,393,30,27,103.5,Shimron Hetmyer-2022
Shivam Dube,2019,365,20,20,116.9,Shivam Dube-2019
Shivam Dube,2020,205,20,10,120.8,Shivam Dube-2020
Shivam Mavi,2023,56,4,4,120.0,Shivam Mavi-2023
Shreyas Iyer,2017,735,78,12,85.7,Shreyas Iyer-2017
Shreyas Iyer,2018,144,12,0,83.4,Shreyas Iyer-2018
Shreyas Iyer,2019,1227,81,57,123.7,Shreyas Iyer-2019
Shreyas Iyer,2020,1602,159,42,106.9,Shreyas Iyer-2020
Shreyas Iyer,2021,471,51,6,114.2,Shreyas Iyer-2021
Shreyas Iyer,2022,3561,330,99,102.3,Shreyas Iyer-2022
Shreyas Iyer,2023,282,30,6,106.8,Shreyas Iyer-2023
Shubman Gill,2019,16,2,0,53.2,Shubman Gill-2019
Shubman Gill,2020,33,3,1,84.6,Shubman Gill-2020
Shubman Gill,2022,638,69,10,94.4,Shubman Gill-2022
Shubman Gill,2023,826,94,27,118.9,Shubman Gill-2023
Siddarth Kaul,2018,3,0,0,25.0,Siddarth Kaul-2018
Steven Smith,2010,470,40,6,111.0,Steven Smith-2010
Steven Smith,2011,546,32,6,85.2,Steven Smith-2011
Steven Smith,2012,58,4,0,83.3,Steven Smith-2012
Steven Smith,2013,16,2,0,72.7,Steven Smith-2013
Steven Smith,2014,1088,88,8,89.4,Steven Smith-2014
Steven Smith,2015,1790,156,22,81.1,Steven Smith-2015
Steven Smith,2016,2654,234,38,86.0,Steven Smith-2016
Steven Smith,2017,898,82,2,82.3,Steven Smith-2017
Steven Smith,2018,204,8,2,69.0,Steven Smith-2018
Steven Smith,2019,1050,104,6,99.8,Steven Smith-2019
Steven Smith,2020,1570,136,36,115.1,Steven Smith-2020
Steven Smith,2021,138,10,0,78.5,Steven Smith-2021
Steven Smith,2022,1368,136,16,94.8,Steven Smith-2022
Steven Smith,2023,44,8,0,36.7,Steven Smith-2023
Stuart Binny,2014,80,12,0,46.7,Stuart Binny-2014
Stuart Binny,2015,450,38,12,122.6,Stuart Binny-2015
Sudeep Tyagi,2010,2,0,0,50.0,Sudeep Tyagi-2010
Suryakumar Yadav,2021,1104,129,36,139.7,Suryakumar Yadav-2021
Suryakumar Yadav,2022,4272,387,222,152.3,Suryakumar Yadav-2022
Suryakumar Yadav,2023,948,69,54,101.1,Suryakumar Yadav-2023
Tanmay Mishra,2006,424,33,2,64.7,Tanmay Mishra-2006
Tanmay Mishra,2007,341,24,6,59.7,Tanmay Mishra-2007
Tanmay Mishra,2010,32,4,0,80.0,Tanmay Mishra-2010
Tanmay Mishra,2011,177,14,1,50.1,Tanmay Mishra-2011
Tanmay Mishra,2012,192,15,2,93.2,Tanmay Mishra-2012
Tanmay Mishra,2013,189,9,0,67.1,Tanmay Mishra-2013
Thisara Perera,2009,124,16,4,221.4,Thisara Perera-2009
Thisara Perera,2010,704,60,28,119.0,Thisara Perera-2010
Thisara Perera,2011,468,28,12,100.5,Thisara Perera-2011
Thisara Perera,2012,1324,88,56,105.6,Thisara Perera-2012
Thisara Perera,2013,1156,100,52,114.2,Thisara Perera-2013
Thisara Perera,2014,2272,184,96,114.5,Thisara Perera-2014
Thisara Perera,2015,480,36,8,73.7,Thisara Perera-2015
Thisara Perera,2016,896,80,32,112.2,Thisara Perera-2016
Thisara Perera,2017,1560,132,56,122.9,Thisara Perera-2017
Thisara Perera,2018,2792,200,136,122.1,Thisara Perera-2018
Thisara Perera,2019,1740,84,100,96.3,Thisara Perera-2019
Thisara Perera,2020,552,40,12,146.1,Thisara Perera-2020
Thisara Perera,2021,100,8,0,60.7,Thisara Perera-2021
Tim David,2019,408,36,17,138.9,Tim David-2019
Tim David,2020,150,14,9,206.8,Tim David-2020
Tim David,2022,182,14,10,118.5,Tim David-2022
Tim Seifert,2018,80,4,8,104.7,Tim Seifert-2018
Tim Seifert,2019,618,44,36,120.0,Tim Seifert-2019
Tim Seifert,2020,704,62,32,120.0,Tim Seifert-2020
Tim Seifert,2021,170,20,0,84.6,Tim Seifert-2021
Tim Seifert,2023,0,0,0,0.0,Tim Seifert-2023
Tim Southee,2008,184,16,8,67.4,Tim Southee-2008
Tim Southee,2009,304,20,16,122.1,Tim Southee-2009
Tim Southee,2010,152,4,4,58.0,Tim Southee-2010
Tim Southee,2011,108,4,4,59.1,Tim Southee-2011
Tim Southee,2012,500,32,20,108.0,Tim Southee-2012
Tim Southee,2013,140,20,0,65.9,Tim Southee-2013
Tim Southee,2014,184,12,12,102.5,Tim Southee-2014
Tim Southee,2015,264,20,16,123.7,Tim Southee-2015
Tim Southee,2016,372,40,12,74.7,Tim Southee-2016
Tim Southee,2017,496,48,28,163.2,Tim Southee-2017
Tim Southee,2018,460,44,8,126.5,Tim Southee-2018
Tim Southee,2019,420,8,36,110.7,Tim Southee-2019
Tim Southee,2020,60,4,0,83.3,Tim Southee-2020
Tim Southee,2021,68,4,4,108.3,Tim Southee-2021
Tim Southee,2022,152,16,0,91.3,Tim Southee-2022
Tim Southee,2023,60,4,0,45.5,Tim Southee-2023
Tom Banton,2019,56,6,3,170.0,Tom Banton-2019
Tom Banton,2020,283,30,8,94.9,Tom Banton-2020
Tom Banton,2022,122,10,8,127.9,Tom Banton-2022
Tom Curran,2017,4,0,0,50.0,Tom Curran-2017
Tom Curran,2018,154,12,6,148.3,Tom Curran-2018
Tom Curran,2019,270,24,8,94.2,Tom Curran-2019
Tom Curran,2020,264,20,4,87.9,Tom Curran-2020
Tom Curran,2021,42,4,0,82.4,Tom Curran-2021
Travis Head,2016,1494,135,30,94.6,Travis Head-2016
Travis Head,2017,1920,156,42,96.9,Travis Head-2017
Travis Head,2018,1362,171,6,100.1,Travis Head-2018
Travis Head,2022,1728,174,51,101.6,Travis Head-2022
Travis Head,2023,267,45,6,108.8,Travis Head-2023
Trent Boult,2012,42,0,0,54.2,Trent Boult-2012
Trent Boult,2013,30,0,0,58.3,Trent Boult-2013
Trent Boult,2014,234,24,6,69.5,Trent Boult-2014
Trent Boult,2015,78,0,12,72.2,Trent Boult-2015
Trent Boult,2016,174,24,0,92.6,Trent Boult-2016
Trent Boult,2017,144,12,6,79.3,Trent Boult-2017
Trent Boult,2018,162,12,6,118.5,Trent Boult-2018
Trent Boult,2019,192,18,6,75.4,Trent Boult-2019
Trent Boult,2020,30,6,0,125.0,Trent Boult-2020
Trent Boult,2021,48,6,0,100.0,Trent Boult-2021
Trent Boult,2022,204,24,0,88.6,Trent Boult-2022
Tymal Mills,2017,0,0,0,0.0,Tymal Mills-2017
Tymal Mills,2022,16,0,2,93.8,Tymal Mills-2022
Umesh Yadav,2010,15,0,0,100.0,Umesh Yadav-2010
Umesh Yadav,2011,85,15,0,88.3,Umesh Yadav-2011
Umesh Yadav,2012,30,5,0,25.0,Umesh Yadav-2012
Umesh Yadav,2013,5,0,0,10.0,Umesh Yadav-2013
Umesh Yadav,2014,85,10,5,43.6,Umesh Yadav-2014
Umesh Yadav,2015,30,5,0,50.5,Umesh Yadav-2015
Umesh Yadav,2016,135,5,0,51.6,Umesh Yadav-2016
Umesh Yadav,2017,10,0,0,50.0,Umesh Yadav-2017
Umesh Yadav,2018,0,0,0,0.0,Umesh Yadav-2018
Umesh Yadav,2019,10,0,0,50.0,Umesh Yadav-2019
Umesh Yadav,2022,100,10,0,117.6,Umesh Yadav-2022
Varun Aaron,2011,24,4,0,54.5,Varun Aaron-2011
Varun Aaron,2014,8,0,0,33.3,Varun Aaron-2014
Venkatesh Iyer,2021,36,4,1,147.5,Venkatesh Iyer-2021
Venkatesh Iyer,2022,121,11,5,128.7,Venkatesh Iyer-2022
Venugopal Rao,2005,136,11,3,45.7,Venugopal Rao-2005
Venugopal Rao,2006,82,5,0,65.3,Venugopal Rao-2006
Virender Sehwag,1999,1,0,0,50.0,Virender Sehwag-1999
Virender Sehwag,2000,19,0,1,79.2,Virender Sehwag-2000
Virender Sehwag,2001,439,64,6,81.2,Virender Sehwag-2001
Virender Sehwag,2002,1130,171,10,93.5,Virender Sehwag-2002
Virender Sehwag,2003,871,115,16,72.3,Virender Sehwag-2003
Virender Sehwag,2004,671,83,13,78.5,Virender Sehwag-2004
Virender Sehwag,2005,1017,142,12,101.8,Virender Sehwag-2005
Virender Sehwag,2006,642,82,9,86.4,Virender Sehwag-2006
Virender Sehwag,2007,613,80,13,111.5,Virender Sehwag-2007
Virender Sehwag,2008,893,121,22,101.5,Virender Sehwag-2008
Virender Sehwag,2009,951,129,28,136.5,Virender Sehwag-2009
Virender Sehwag,2010,446,66,5,109.4,Virender Sehwag-2010
Virender Sehwag,2011,645,80,14,99.8,Virender Sehwag-2011
Virender Sehwag,2012,298,39,3,97.0,Virender Sehwag-2012
Virender Sehwag,2013,31,3,0,72.1,Virender Sehwag-2013
Wanindu Hasaranga,2017,52,5,1,70.4,Wanindu Hasaranga-2017
Wanindu Hasaranga,2018,11,0,1,45.8,Wanindu Hasaranga-2018
Wanindu Hasaranga,2019,107,6,2,125.8,Wanindu Hasaranga-2019
Wanindu Hasaranga,2020,143,16,2,120.7,Wanindu Hasaranga-2020
Wanindu Hasaranga,2021,552,45,15,90.4,Wanindu Hasaranga-2021
Wanindu Hasaranga,2022,280,39,3,117.9,Wanindu Hasaranga-2022
Wanindu Hasaranga,2023,91,6,7,103.3,Wanindu Hasaranga-2023
Washington Sundar,2018,0,0,0,0.0,Washington Sundar-2018
Washington Sundar,2019,26,1,3,210.0,Washington Sundar-2019
Washington Sundar,2020,14,2,0,64.2,Washington Sundar-2020
Washington Sundar,2021,7,1,0,150.0,Washington Sundar-2021
Washington Sundar,2022,212,16,6,88.2,Washington Sundar-2022
Washington Sundar,2023,81,7,3,109.9,Washington Sundar-2023
Wayne Parnell,2009,11,0,0,53.6,Wayne Parnell-2009
Wayne Parnell,2010,67,5,1,73.1,Wayne Parnell-2010
Wayne Parnell,2011,81,6,3,112.1,Wayne Parnell-2011
Wayne Parnell,2012,92,9,2,97.7,Wayne Parnell-2012
Wayne Parnell,2013,117,13,1,118.9,Wayne Parnell-2013
Wayne Parnell,2014,80,5,1,85.7,Wayne Parnell-2014
Wayne Parnell,2015,29,1,0,65.6,Wayne Parnell-2015
Wayne Parnell,2016,41,3,0,65.1,Wayne Parnell-2016
Wayne Parnell,2017,104,7,3,113.7,Wayne Parnell-2017
Wayne Parnell,2021,10,0,0,62.5,Wayne Parnell-2021
Wayne Parnell,2022,70,3,1,50.0,Wayne Parnell-2022
Wayne Parnell,2023,46,4,1,86.8,Wayne Parnell-2023
Wriddhiman Saha,2010,16,0,0,80.0,Wriddhiman Saha-2010
Wriddhiman Saha,2014,148,20,0,75.7,Wriddhiman Saha-2014
Yusuf Pathan,2007,30,2,2,187.5,Yusuf Pathan-2007
Yusuf Pathan,2008,192,16,10,138.9,Yusuf Pathan-2008
Yusuf Pathan,2009,516,30,28,77.5,Yusuf Pathan-2009
Yusuf Pathan,2010,728,54,40,123.5,Yusuf Pathan-2010
Yusuf Pathan,2011,626,44,40,100.8,Yusuf Pathan-2011
Yuzvendra Chahal,2017,4,0,0,66.7,Yuzvendra Chahal-2017
Yuzvendra Chahal,2018,15,2,0,80.0,Yuzvendra Chahal-2018
Yuzvendra Chahal,2019,24,4,0,30.3,Yuzvendra Chahal-2019
Yuzvendra Chahal,2020,15,1,0,66.7,Yuzvendra Chahal-2020
Yuzvendra Chahal,2022,24,1,0,50.7,Yuzvendra Chahal-2022
Zaheer Khan,2000,114,6,8,117.7,Zaheer Khan-2000
Zaheer Khan,2001,168,14,4,66.8,Zaheer Khan-2001
Zaheer Khan,2002,88,8,0,55.5,Zaheer Khan-2002
Zaheer Khan,2003,214,22,6,59.3,Zaheer Khan-2003
Zaheer Khan,2004,88,6,4,64.7,Zaheer Khan-2004
Zaheer Khan,2005,224,18,10,119.9,Zaheer Khan-2005
Zaheer Khan,2006,70,8,2,89.8,Zaheer Khan-2006
Zaheer Khan,2007,354,34,10,82.8,Zaheer Khan-2007
Zaheer Khan,2008,38,0,0,18.8,Zaheer Khan-2008
Zaheer Khan,2009,52,0,2,85.7,Zaheer Khan-2009
Zaheer Khan,2010,54,4,4,80.0,Zaheer Khan-2010
Zaheer Khan,2011,124,14,0,58.9,Zaheer Khan-2011
Zaheer Khan,2012,22,4,0,65.9,Zaheer Khan-2012
