Name,Year,Overs,Mdns,Runs,Wkts,Econ,PID
Aaron Finch,2013,44.4,0,210,12,4.2,Aaron Finch-2013
Aaron Finch,2014,18,0,222,0,13.8,Aaron Finch-2014
Aaron Finch,2015,1.8,0,18,0,6.0,Aaron Finch-2015
Aaron Finch,2016,60,0,282,0,4.7,Aaron Finch-2016
Aaron Finch,2017,18.6,0,108,0,5.8,Aaron Finch-2017
Aaron Finch,2018,24,0,144,0,6.3,Aaron Finch-2018
Aaron Finch,2019,108,0,612,12,6.9,Aaron Finch-2019
Aaron Finch,2020,18,0,120,0,7.3,Aaron Finch-2020
Abhimanyu Mithun,2010,24,0,174,0,6.9,Abhimanyu Mithun-2010
Abhimanyu Mithun,2011,36,2,232,6,6.8,Abhimanyu Mithun-2011
Abhishek Nayar,2009,6,0,34,0,5.7,Abhishek Nayar-2009
Adam Milne,2010,24,0,282,3,11.8,Adam Milne-2010
Adam Milne,2012,39.6,0,258,3,8.1,Adam Milne-2012
Adam Milne,2013,54,0,321,0,6.1,Adam Milne-2013
Adam Milne,2014,172.8,6,858,24,5.6,Adam Milne-2014
Adam Milne,2015,419.1,9,2082,69,5.1,Adam Milne-2015
Adam Milne,2016,203.7,3,1350,57,6.9,Adam Milne-2016
Adam Milne,2017,180.6,6,1056,30,5.7,Adam Milne-2017
Adam Milne,2018,19.2,0,159,12,8.2,Adam Milne-2018
Adam Milne,2021,108,3,939,21,9.0,Adam Milne-2021
Adam Milne,2022,96,0,654,24,7.4,Adam Milne-2022
Adam Milne,2023,12,0,126,3,10.5,Adam Milne-2023
Adam Zampa,2016,181.8,2,995,39,5.6,Adam Zampa-2016
Adam Zampa,2017,78.2,1,486,17,6.0,Adam Zampa-2017
Adam Zampa,2018,78,1,469,8,6.0,Adam Zampa-2018
Adam Zampa,2019,167.4,2,985,29,6.1,Adam Zampa-2019
Adam Zampa,2020,159.8,0,897,38,6.1,Adam Zampa-2020
Adam Zampa,2021,98.5,3,658,31,7.3,Adam Zampa-2021
Adam Zampa,2022,159.4,2,932,47,6.4,Adam Zampa-2022
Adam Zampa,2023,18,0,88,4,4.6,Adam Zampa-2023
Aiden Markram,2017,3,0,18,2,6.0,Aiden Markram-2017
Aiden Markram,2018,5,0,38,0,8.0,Aiden Markram-2018
Aiden Markram,2019,12,0,76,1,6.1,Aiden Markram-2019
Aiden Markram,2021,48,2,272,9,7.2,Aiden Markram-2021
Aiden Markram,2022,29,0,167,6,6.3,Aiden Markram-2022
Aiden Markram,2023,28,0,182,4,8.0,Aiden Markram-2023
Ajantha Mendis,2008,146.9,14,541,59,3.8,Ajantha Mendis-2008
Ajantha Mendis,2009,196.8,3,989,38,5.0,Ajantha Mendis-2009
Ajantha Mendis,2010,72,1,390,14,5.6,Ajantha Mendis-2010
Ajantha Mendis,2011,112.1,9,463,24,4.2,Ajantha Mendis-2011
Ajantha Mendis,2012,32,3,201,16,6.2,Ajantha Mendis-2012
Ajantha Mendis,2013,91.9,3,522,19,6.3,Ajantha Mendis-2013
Ajantha Mendis,2014,160.2,6,980,44,6.4,Ajantha Mendis-2014
Ajantha Mendis,2015,24,0,190,4,8.5,Ajantha Mendis-2015
Akila Dananjaya,2012,13,0,83,7,6.1,Akila Dananjaya-2012
Akila Dananjaya,2013,1,0,12,0,12.0,Akila Dananjaya-2013
Akila Dananjaya,2017,132.5,4,729,18,5.8,Akila Dananjaya-2017
Akila Dananjaya,2018,150.1,1,840,35,6.1,Akila Dananjaya-2018
Akila Dananjaya,2019,78.1,1,462,13,6.7,Akila Dananjaya-2019
Akila Dananjaya,2021,58.1,0,444,11,8.6,Akila Dananjaya-2021
Albie Morkel,2004,42,0,190,4,4.6,Albie Morkel-2004
Albie Morkel,2005,50,2,260,10,5.5,Albie Morkel-2005
Albie Morkel,2006,4,0,24,0,6.0,Albie Morkel-2006
Albie Morkel,2007,202.8,8,1144,42,6.2,Albie Morkel-2007
Albie Morkel,2008,163.2,12,802,32,5.2,Albie Morkel-2008
Albie Morkel,2009,240.8,6,1618,36,7.2,Albie Morkel-2009
Albie Morkel,2010,91,2,704,12,8.8,Albie Morkel-2010
Albie Morkel,2012,78.2,0,524,8,7.1,Albie Morkel-2012
Albie Morkel,2014,24,0,236,2,9.8,Albie Morkel-2014
Albie Morkel,2015,8,0,24,6,3.0,Albie Morkel-2015
Alzarri Joseph,2016,36,0,248,8,7.0,Alzarri Joseph-2016
Alzarri Joseph,2017,184.2,6,1164,38,6.3,Alzarri Joseph-2017
Alzarri Joseph,2018,32,0,224,2,7.4,Alzarri Joseph-2018
Alzarri Joseph,2019,92,6,578,12,6.3,Alzarri Joseph-2019
Alzarri Joseph,2020,120,4,530,36,4.4,Alzarri Joseph-2020
Alzarri Joseph,2021,158.2,8,684,24,4.3,Alzarri Joseph-2021
Alzarri Joseph,2022,380.4,16,1986,86,5.6,Alzarri Joseph-2022
Alzarri Joseph,2023,44.8,0,328,24,8.2,Alzarri Joseph-2023
Ambati Rayudu,2014,32,0,212,4,6.7,Ambati Rayudu-2014
Ambati Rayudu,2015,4,2,10,2,2.5,Ambati Rayudu-2015
Ambati Rayudu,2018,0.2,0,0,0,0.0,Ambati Rayudu-2018
Ambati Rayudu,2019,4,0,26,0,6.5,Ambati Rayudu-2019
Andre Russell,2011,124.5,6,709,22,6.4,Andre Russell-2011
Andre Russell,2012,106,1,637,18,7.8,Andre Russell-2012
Andre Russell,2013,28,0,170,3,6.9,Andre Russell-2013
Andre Russell,2014,43.1,0,332,13,8.8,Andre Russell-2014
Andre Russell,2015,107.5,6,756,19,8.2,Andre Russell-2015
Andre Russell,2016,29,0,249,10,8.4,Andre Russell-2016
Andre Russell,2018,23,0,183,5,8.4,Andre Russell-2018
Andre Russell,2019,19,1,101,5,5.1,Andre Russell-2019
Andre Russell,2020,8,0,66,1,8.3,Andre Russell-2020
Andre Russell,2021,41.2,0,390,13,9.9,Andre Russell-2021
Andrew Tye,2016,56,0,595,10,10.6,Andrew Tye-2016
Andrew Tye,2017,60,0,545,20,9.4,Andrew Tye-2017
Andrew Tye,2018,659,10,4895,215,8.0,Andrew Tye-2018
Andrew Tye,2020,40,0,390,10,9.8,Andrew Tye-2020
Andrew Tye,2021,70,0,520,40,7.4,Andrew Tye-2021
Angelo Mathews,2008,20,2,74,0,4.8,Angelo Mathews-2008
Angelo Mathews,2009,254.2,10,1422,52,6.5,Angelo Mathews-2009
Angelo Mathews,2010,154,16,726,32,5.4,Angelo Mathews-2010
Angelo Mathews,2011,140,2,666,16,4.8,Angelo Mathews-2011
Angelo Mathews,2012,372,18,1716,42,4.7,Angelo Mathews-2012
Angelo Mathews,2013,348.8,22,1696,46,5.7,Angelo Mathews-2013
Angelo Mathews,2014,327.2,22,1580,48,4.9,Angelo Mathews-2014
Angelo Mathews,2015,178.6,12,1008,32,6.3,Angelo Mathews-2015
Angelo Mathews,2016,130.8,2,656,26,5.6,Angelo Mathews-2016
Angelo Mathews,2017,82.4,10,460,8,6.2,Angelo Mathews-2017
Angelo Mathews,2019,4,0,12,2,3.0,Angelo Mathews-2019
Angelo Mathews,2020,54,0,352,12,7.1,Angelo Mathews-2020
Angelo Mathews,2021,2,0,38,0,19.0,Angelo Mathews-2021
Anrich Nortje,2019,34.3,1,177,8,5.6,Anrich Nortje-2019
Anrich Nortje,2020,40.1,0,261,9,6.9,Anrich Nortje-2020
Anrich Nortje,2021,86.3,1,523,23,5.9,Anrich Nortje-2021
Anrich Nortje,2022,65.4,1,476,23,7.5,Anrich Nortje-2022
Anrich Nortje,2023,39,1,229,11,6.0,Anrich Nortje-2023
Ashish Nehra,2001,174,10,778,26,4.5,Ashish Nehra-2001
Ashish Nehra,2002,261,12,1272,28,5.0,Ashish Nehra-2002
Ashish Nehra,2003,226.2,24,1006,36,4.1,Ashish Nehra-2003
Ashish Nehra,2004,250.4,10,1246,36,4.9,Ashish Nehra-2004
Ashish Nehra,2005,278,24,1416,58,5.0,Ashish Nehra-2005
Ashish Nehra,2009,327.8,12,2058,64,6.5,Ashish Nehra-2009
Ashish Nehra,2010,349.6,14,2102,76,6.1,Ashish Nehra-2010
Ashish Nehra,2011,106.8,4,632,16,6.0,Ashish Nehra-2011
Ashish Nehra,2016,106,2,744,36,7.1,Ashish Nehra-2016
Ashish Nehra,2017,28,2,224,6,8.1,Ashish Nehra-2017
Ashok Dinda,2009,6,0,68,2,11.3,Ashok Dinda-2009
Ashok Dinda,2010,88.2,2,540,14,6.3,Ashok Dinda-2010
Ashok Dinda,2012,131.4,4,916,38,7.4,Ashok Dinda-2012
Ashok Dinda,2013,30,0,190,4,6.3,Ashok Dinda-2013
Ashton Turner,2017,6,0,42,3,7.0,Ashton Turner-2017
Ashton Turner,2021,21,1,100,3,4.9,Ashton Turner-2021
Avesh Khan,2022,244.5,9,1908,48,8.4,Avesh Khan-2022
Ben Cutting,2013,185,5,1050,25,6.8,Ben Cutting-2013
Ben Cutting,2014,50,0,235,5,6.7,Ben Cutting-2014
Ben Cutting,2017,50,0,580,10,11.8,Ben Cutting-2017
Ben Dwarshuis,2022,3,0,42,0,14.0,Ben Dwarshuis-2022
Ben Hilfenhaus,2007,15,1,70,4,4.9,Ben Hilfenhaus-2007
Ben Hilfenhaus,2009,133.8,10,790,22,6.0,Ben Hilfenhaus-2009
Ben Hilfenhaus,2012,78.4,5,376,12,5.1,Ben Hilfenhaus-2012
Ben Laughlin,2009,123.6,3,753,15,6.2,Ben Laughlin-2009
Ben Laughlin,2013,22.5,0,258,3,11.0,Ben Laughlin-2013
Beuran Hendricks,2014,16.4,0,149,5,9.4,Beuran Hendricks-2014
Beuran Hendricks,2017,6.3,0,70,3,10.9,Beuran Hendricks-2017
Beuran Hendricks,2019,36,1,204,11,6.0,Beuran Hendricks-2019
Beuran Hendricks,2020,28,0,239,6,10.3,Beuran Hendricks-2020
Beuran Hendricks,2021,27,0,214,5,8.2,Beuran Hendricks-2021
Bhuvneshwar Kumar,2012,34,6,164,12,5.6,Bhuvneshwar Kumar-2012
Bhuvneshwar Kumar,2013,414,50,1966,62,4.9,Bhuvneshwar Kumar-2013
Bhuvneshwar Kumar,2014,312.4,20,1476,36,4.8,Bhuvneshwar Kumar-2014
Bhuvneshwar Kumar,2015,233.8,12,1356,36,6.0,Bhuvneshwar Kumar-2015
Bhuvneshwar Kumar,2016,58,4,396,6,7.0,Bhuvneshwar Kumar-2016
Bhuvneshwar Kumar,2017,420.2,22,2238,66,5.4,Bhuvneshwar Kumar-2017
Bhuvneshwar Kumar,2018,282.8,12,1606,46,5.8,Bhuvneshwar Kumar-2018
Bhuvneshwar Kumar,2019,365,14,2110,82,6.0,Bhuvneshwar Kumar-2019
Bhuvneshwar Kumar,2021,176.6,2,1038,42,6.2,Bhuvneshwar Kumar-2021
Bhuvneshwar Kumar,2022,242.8,14,1710,74,6.9,Bhuvneshwar Kumar-2022
Billy Stanlake,2017,64,4,440,4,7.9,Billy Stanlake-2017
Billy Stanlake,2018,380,16,2668,124,7.7,Billy Stanlake-2018
Billy Stanlake,2019,72,0,364,8,5.1,Billy Stanlake-2019
Brad Hodge,2006,3,0,16,0,5.3,Brad Hodge-2006
Brad Hodge,2007,10,0,55,1,7.3,Brad Hodge-2007
Brad Hodge,2014,3,0,23,1,8.3,Brad Hodge-2014
Brad Hogg,1996,49.1,3,218,3,4.8,Brad Hogg-1996
Brad Hogg,2002,10,0,43,1,4.3,Brad Hogg-2002
Brad Hogg,2003,241.6,11,1027,33,4.2,Brad Hogg-2003
Brad Hogg,2004,101.2,3,483,20,4.8,Brad Hogg-2004
Brad Hogg,2005,132.5,2,649,27,4.8,Brad Hogg-2005
Brad Hogg,2006,143,4,662,26,5.2,Brad Hogg-2006
Brad Hogg,2007,197.7,9,932,38,4.9,Brad Hogg-2007
Brad Hogg,2008,54.3,5,236,8,4.2,Brad Hogg-2008
Brad Hogg,2012,36,1,246,5,6.9,Brad Hogg-2012
Brad Hogg,2014,8,0,65,2,7.5,Brad Hogg-2014
Brendan Taylor,2004,23,0,147,3,6.4,Brendan Taylor-2004
Brendan Taylor,2005,12,0,77,5,6.2,Brendan Taylor-2005
Brendan Taylor,2010,33,0,176,2,6.2,Brendan Taylor-2010
Brendan Taylor,2011,3,0,23,0,7.7,Brendan Taylor-2011
Carlos Brathwaite,2011,9,0,75,3,8.3,Carlos Brathwaite-2011
Carlos Brathwaite,2015,129,3,804,9,7.2,Carlos Brathwaite-2015
Carlos Brathwaite,2016,417.9,12,2658,69,7.3,Carlos Brathwaite-2016
Carlos Brathwaite,2017,159.9,3,1080,42,7.0,Carlos Brathwaite-2017
Carlos Brathwaite,2018,237,15,1536,42,7.9,Carlos Brathwaite-2018
Carlos Brathwaite,2019,311.4,3,2184,57,7.6,Carlos Brathwaite-2019
Chamika Karunaratne,2021,147.4,2,940,26,6.9,Chamika Karunaratne-2021
Chamika Karunaratne,2022,216,4,1584,48,7.7,Chamika Karunaratne-2022
Chamika Karunaratne,2023,103,0,766,22,8.1,Chamika Karunaratne-2023
Chetan Sakariya,2021,22.8,0,136,6,6.8,Chetan Sakariya-2021
Chris Jordan,2013,40,0,204,12,5.1,Chris Jordan-2013
Chris Jordan,2014,720.8,8,4360,152,6.6,Chris Jordan-2014
Chris Jordan,2015,177.2,8,1244,28,7.1,Chris Jordan-2015
Chris Jordan,2016,339.6,4,2520,64,8.5,Chris Jordan-2016
Chris Jordan,2017,112,0,1004,40,9.0,Chris Jordan-2017
Chris Jordan,2018,137.6,0,1232,36,8.9,Chris Jordan-2018
Chris Jordan,2019,94,0,720,56,7.6,Chris Jordan-2019
Chris Jordan,2020,218,0,1844,56,8.0,Chris Jordan-2020
Chris Jordan,2021,218,8,1772,52,8.2,Chris Jordan-2021
Chris Jordan,2022,220,0,2024,68,9.4,Chris Jordan-2022
Chris Jordan,2023,22,0,208,4,11.0,Chris Jordan-2023
Chris Woakes,2011,211,5,1315,45,6.9,Chris Woakes-2011
Chris Woakes,2012,30,0,175,0,5.8,Chris Woakes-2012
Chris Woakes,2013,305,5,1860,40,7.6,Chris Woakes-2013
Chris Woakes,2014,490,20,3120,105,6.7,Chris Woakes-2014
Chris Woakes,2015,719.5,25,4220,120,5.8,Chris Woakes-2015
Chris Woakes,2016,574.5,40,3090,85,5.5,Chris Woakes-2016
Chris Woakes,2017,440,40,2270,110,4.8,Chris Woakes-2017
Chris Woakes,2018,493,25,2530,95,5.3,Chris Woakes-2018
Chris Woakes,2019,725,40,4320,145,5.8,Chris Woakes-2019
Chris Woakes,2020,215,5,970,35,4.6,Chris Woakes-2020
Chris Woakes,2021,236.5,45,1100,70,5.6,Chris Woakes-2021
Chris Woakes,2022,260,0,1785,70,7.5,Chris Woakes-2022
Chris Woakes,2023,170.5,5,1030,15,7.5,Chris Woakes-2023
Colin De Grandhomme,2012,2,0,18,0,9.0,Colin De Grandhomme-2012
Colin De Grandhomme,2016,50,0,302,6,5.9,Colin De Grandhomme-2016
Colin De Grandhomme,2017,114,2,706,16,6.9,Colin De Grandhomme-2017
Colin De Grandhomme,2018,173,2,1058,24,7.1,Colin De Grandhomme-2018
Colin De Grandhomme,2019,188,12,872,22,5.7,Colin De Grandhomme-2019
Colin De Grandhomme,2020,58,2,294,8,5.0,Colin De Grandhomme-2020
Colin De Grandhomme,2021,6.8,0,32,2,4.4,Colin De Grandhomme-2021
Colin De Grandhomme,2022,30,2,100,6,3.4,Colin De Grandhomme-2022
Colin Ingram,2013,1,0,17,0,17.0,Colin Ingram-2013
Colin Munro,2013,2,0,20,0,10.0,Colin Munro-2013
Colin Munro,2015,16,0,66,0,3.9,Colin Munro-2015
Colin Munro,2016,14,0,122,0,9.3,Colin Munro-2016
Colin Munro,2017,54,0,332,4,7.1,Colin Munro-2017
Colin Munro,2018,108.8,2,634,18,7.5,Colin Munro-2018
Colin Munro,2019,28,0,160,0,7.3,Colin Munro-2019
Corey Anderson,2012,15,0,160,0,10.8,Corey Anderson-2012
Corey Anderson,2013,222.5,10,1290,50,5.9,Corey Anderson-2013
Corey Anderson,2014,526.5,20,3840,120,7.8,Corey Anderson-2014
Corey Anderson,2015,413.5,5,2665,125,7.3,Corey Anderson-2015
Corey Anderson,2016,250,15,1400,50,7.1,Corey Anderson-2016
Corey Anderson,2017,105,0,630,25,5.9,Corey Anderson-2017
Dale Steyn,2005,20.2,4,84,4,3.2,Dale Steyn-2005
Dale Steyn,2006,16,0,180,2,11.1,Dale Steyn-2006
Dale Steyn,2007,78,2,412,26,4.9,Dale Steyn-2007
Dale Steyn,2008,191,14,976,32,5.1,Dale Steyn-2008
Dale Steyn,2009,358.8,20,2048,84,6.2,Dale Steyn-2009
Dale Steyn,2010,196,6,1170,32,5.9,Dale Steyn-2010
Dale Steyn,2011,219.8,12,966,50,4.4,Dale Steyn-2011
Dale Steyn,2012,196.8,14,878,40,4.7,Dale Steyn-2012
Dale Steyn,2013,262,34,1010,68,4.1,Dale Steyn-2013
Dale Steyn,2014,266.8,14,1474,62,6.0,Dale Steyn-2014
Dale Steyn,2015,327.4,20,1638,60,4.9,Dale Steyn-2015
Dale Steyn,2016,100.4,0,768,16,8.6,Dale Steyn-2016
Dale Steyn,2018,84.6,6,284,24,3.3,Dale Steyn-2018
Dale Steyn,2019,74,2,422,14,6.3,Dale Steyn-2019
Dale Steyn,2020,24,0,214,6,8.9,Dale Steyn-2020
Dan Christian,2010,7,0,69,2,11.4,Dan Christian-2010
Dan Christian,2012,130.1,4,699,25,5.9,Dan Christian-2012
Dan Christian,2014,19,0,137,4,9.1,Dan Christian-2014
Dan Christian,2017,0.3,0,7,0,14.0,Dan Christian-2017
Dan Christian,2021,11,0,81,2,9.6,Dan Christian-2021
Daniel Sams,2020,5.4,0,70,1,12.8,Daniel Sams-2020
Daniel Sams,2021,8,0,86,3,10.8,Daniel Sams-2021
Daniel Sams,2022,15.8,0,149,3,9.5,Daniel Sams-2022
Daryl Mitchell,2019,8.7,0,89,5,11.9,Daryl Mitchell-2019
Daryl Mitchell,2021,7.4,0,65,1,10.3,Daryl Mitchell-2021
Daryl Mitchell,2022,13,0,59,5,6.2,Daryl Mitchell-2022
Daryl Mitchell,2023,20,1,121,8,6.2,Daryl Mitchell-2023
David Warner,2012,3,0,24,0,8.0,David Warner-2012
David Wiese,2013,12,0,81,3,7.1,David Wiese-2013
David Wiese,2014,4,0,21,3,5.3,David Wiese-2014
David Wiese,2015,43.2,0,309,19,7.1,David Wiese-2015
David Wiese,2016,55,0,402,8,8.2,David Wiese-2016
David Wiese,2021,40,0,305,9,7.6,David Wiese-2021
David Wiese,2022,100.8,3,554,14,6.0,David Wiese-2022
David Willey,2015,93.2,5,571,26,6.5,David Willey-2015
David Willey,2016,119.4,8,715,21,6.5,David Willey-2016
David Willey,2017,50.5,0,383,8,7.6,David Willey-2017
David Willey,2018,111.3,2,687,21,6.7,David Willey-2018
David Willey,2019,46,2,294,10,6.4,David Willey-2019
David Willey,2020,28.4,4,148,8,5.1,David Willey-2020
David Willey,2021,41,2,237,13,6.0,David Willey-2021
David Willey,2022,116,5,729,28,7.0,David Willey-2022
David Willey,2023,6,0,38,0,6.3,David Willey-2023
Deepak Chahar,2018,24,0,240,6,10.0,Deepak Chahar-2018
Deepak Chahar,2019,145.5,9,900,51,6.2,Deepak Chahar-2019
Deepak Chahar,2020,36,0,333,3,9.3,Deepak Chahar-2020
Deepak Chahar,2021,84.6,3,672,27,8.7,Deepak Chahar-2021
Deepak Chahar,2022,220.5,9,1431,48,6.8,Deepak Chahar-2022
Deepak Hooda,2022,172.5,5,820,40,4.5,Deepak Hooda-2022
Deepak Hooda,2023,30,0,155,5,5.6,Deepak Hooda-2023
Dhawal Kulkarni,2014,102.6,3,552,24,5.4,Dhawal Kulkarni-2014
Dhawal Kulkarni,2015,99,3,525,15,5.3,Dhawal Kulkarni-2015
Dhawal Kulkarni,2016,120.6,9,612,27,5.4,Dhawal Kulkarni-2016
Dinesh Karthik,2022,6,0,108,0,18.0,Dinesh Karthik-2022
Dirk Nannes,2009,15,1,76,2,5.6,Dirk Nannes-2009
Dirk Nannes,2010,53,2,403,27,7.6,Dirk Nannes-2010
Dominic Drakes,2021,11,0,114,2,10.4,Dominic Drakes-2021
Dominic Drakes,2022,21,0,176,4,8.6,Dominic Drakes-2022
Dushmantha Chameera,2015,44.1,0,342,11,10.0,Dushmantha Chameera-2015
Dushmantha Chameera,2016,50.7,0,366,9,7.6,Dushmantha Chameera-2016
Dushmantha Chameera,2017,63,3,360,4,6.2,Dushmantha Chameera-2017
Dushmantha Chameera,2018,50,4,247,11,5.8,Dushmantha Chameera-2018
Dushmantha Chameera,2019,8,0,55,0,6.9,Dushmantha Chameera-2019
Dushmantha Chameera,2021,175.3,4,1087,42,6.6,Dushmantha Chameera-2021
Dushmantha Chameera,2022,85,1,627,19,7.7,Dushmantha Chameera-2022
Dwaine Pretorius,2016,36,2,188,4,5.2,Dwaine Pretorius-2016
Dwaine Pretorius,2017,162.4,6,828,32,5.5,Dwaine Pretorius-2017
Dwaine Pretorius,2018,40,0,186,10,4.7,Dwaine Pretorius-2018
Dwaine Pretorius,2019,130,10,656,18,6.0,Dwaine Pretorius-2019
Dwaine Pretorius,2020,30,0,256,8,8.4,Dwaine Pretorius-2020
Dwaine Pretorius,2021,56.8,0,408,32,7.3,Dwaine Pretorius-2021
Dwaine Pretorius,2022,92,0,764,36,8.7,Dwaine Pretorius-2022
Dwayne Bravo,2004,240,12,1218,44,5.2,Dwayne Bravo-2004
Dwayne Bravo,2005,178.6,0,1046,18,6.1,Dwayne Bravo-2005
Dwayne Bravo,2006,285,18,1476,54,5.4,Dwayne Bravo-2006
Dwayne Bravo,2007,269.2,12,1522,54,6.5,Dwayne Bravo-2007
Dwayne Bravo,2008,185,6,1010,32,5.7,Dwayne Bravo-2008
Dwayne Bravo,2009,188.6,2,1174,54,6.9,Dwayne Bravo-2009
Dwayne Bravo,2010,180.4,6,978,40,6.5,Dwayne Bravo-2010
Dwayne Bravo,2011,122.8,2,668,14,5.6,Dwayne Bravo-2011
Dwayne Bravo,2012,181.4,4,1116,30,6.6,Dwayne Bravo-2012
Dwayne Bravo,2013,322,10,1970,74,6.5,Dwayne Bravo-2013
Dwayne Bravo,2014,241.2,4,1532,50,7.3,Dwayne Bravo-2014
Dwayne Bravo,2015,38,0,354,14,9.3,Dwayne Bravo-2015
Dwayne Bravo,2016,76,0,624,24,8.2,Dwayne Bravo-2016
Dwayne Bravo,2020,36.2,0,260,14,7.1,Dwayne Bravo-2020
Dwayne Bravo,2021,118,0,872,38,7.5,Dwayne Bravo-2021
Dwayne Smith,2004,104.4,4,532,12,5.4,Dwayne Smith-2004
Dwayne Smith,2005,122,2,590,10,5.1,Dwayne Smith-2005
Dwayne Smith,2006,356.4,26,1640,58,4.7,Dwayne Smith-2006
Dwayne Smith,2007,198,4,1080,28,6.4,Dwayne Smith-2007
Dwayne Smith,2010,90,0,588,18,7.3,Dwayne Smith-2010
Dwayne Smith,2011,4.4,0,36,0,9.5,Dwayne Smith-2011
Dwayne Smith,2012,40.2,0,234,6,6.7,Dwayne Smith-2012
Dwayne Smith,2014,17,0,104,2,7.0,Dwayne Smith-2014
Dwayne Smith,2015,22,0,190,2,8.0,Dwayne Smith-2015
Fabian Allen,2018,168,0,1060,24,6.7,Fabian Allen-2018
Fabian Allen,2019,196,4,1236,28,6.6,Fabian Allen-2019
Fabian Allen,2020,60,0,512,12,10.0,Fabian Allen-2020
Fabian Allen,2021,240,0,1440,36,6.4,Fabian Allen-2021
Fabian Allen,2022,126,0,844,24,7.2,Fabian Allen-2022
Faf Du Plessis,2011,33,0,192,3,7.3,Faf Du Plessis-2011
Faf Du Plessis,2012,36.6,0,186,3,3.7,Faf Du Plessis-2012
Faf Du Plessis,2013,9,0,57,0,6.3,Faf Du Plessis-2013
Faf Du Plessis,2015,21,0,141,0,6.6,Faf Du Plessis-2015
Farhaan Behardien,2013,25,1,124,6,6.5,Farhaan Behardien-2013
Farhaan Behardien,2014,25,0,117,2,4.6,Farhaan Behardien-2014
Farhaan Behardien,2015,58.4,1,353,6,5.8,Farhaan Behardien-2015
Farhaan Behardien,2016,19,0,126,3,6.1,Farhaan Behardien-2016
Farhaan Behardien,2017,2,0,26,0,13.0,Farhaan Behardien-2017
Fazalhaq Farooqi,2021,4,0,27,1,6.8,Fazalhaq Farooqi-2021
Fazalhaq Farooqi,2022,137.3,7,807,37,6.1,Fazalhaq Farooqi-2022
Fazalhaq Farooqi,2023,20,1,104,5,5.2,Fazalhaq Farooqi-2023
Fidel Edwards,2003,15.5,1,82,8,5.0,Fidel Edwards-2003
Fidel Edwards,2004,15,0,43,4,3.1,Fidel Edwards-2004
Fidel Edwards,2005,12.1,0,70,0,6.9,Fidel Edwards-2005
Fidel Edwards,2006,136.3,15,644,14,4.8,Fidel Edwards-2006
Fidel Edwards,2007,53.2,4,226,16,4.8,Fidel Edwards-2007
Fidel Edwards,2008,84.2,1,552,13,7.1,Fidel Edwards-2008
Fidel Edwards,2009,75.4,2,503,15,7.4,Fidel Edwards-2009
Fidel Edwards,2011,2,0,25,0,12.5,Fidel Edwards-2011
Fidel Edwards,2012,21.3,0,164,6,7.9,Fidel Edwards-2012
Fidel Edwards,2021,14.5,0,120,4,8.3,Fidel Edwards-2021
Gautam Gambhir,2006,1,0,13,0,13.0,Gautam Gambhir-2006
Glenn Maxwell,2012,200.4,12,1248,12,7.3,Glenn Maxwell-2012
Glenn Maxwell,2013,411,6,2466,60,6.5,Glenn Maxwell-2013
Glenn Maxwell,2014,762.6,12,4170,150,6.0,Glenn Maxwell-2014
Glenn Maxwell,2015,600,6,3438,114,6.1,Glenn Maxwell-2015
Glenn Maxwell,2016,348,6,2430,36,8.1,Glenn Maxwell-2016
Glenn Maxwell,2017,24,0,150,0,6.0,Glenn Maxwell-2017
Glenn Maxwell,2018,192,0,1386,54,7.2,Glenn Maxwell-2018
Glenn Maxwell,2019,720,12,4086,30,6.0,Glenn Maxwell-2019
Glenn Maxwell,2020,194.4,0,1362,24,7.9,Glenn Maxwell-2020
Glenn Maxwell,2021,114,0,828,24,8.4,Glenn Maxwell-2021
Glenn Maxwell,2022,528.6,12,2934,90,6.2,Glenn Maxwell-2022
Glenn Maxwell,2023,12,0,42,0,3.5,Glenn Maxwell-2023
Glenn Phillips,2021,8.3,0,68,2,8.1,Glenn Phillips-2021
Glenn Phillips,2022,14,0,102,3,7.8,Glenn Phillips-2022
Glenn Phillips,2023,12,0,65,2,5.5,Glenn Phillips-2023
Gurinder Sandhu,2015,20,0,107,3,5.4,Gurinder Sandhu-2015
Gurkeerat Singh,2016,10,0,68,0,7.3,Gurkeerat Singh-2016
Gurkeerat Singh Mann,2016,20,0,136,0,7.3,Gurkeerat Singh Mann-2016
Hardik Pandya,2016,70.3,1,501,19,7.7,Hardik Pandya-2016
Hardik Pandya,2017,221.4,3,1289,39,6.6,Hardik Pandya-2017
Hardik Pandya,2018,100.8,0,639,15,6.7,Hardik Pandya-2018
Hardik Pandya,2019,118,2,742,19,7.0,Hardik Pandya-2019
Hardik Pandya,2020,4,0,24,1,6.0,Hardik Pandya-2020
Hardik Pandya,2021,46,0,320,6,7.4,Hardik Pandya-2021
Hardik Pandya,2022,81,3,618,26,8.6,Hardik Pandya-2022
Hardik Pandya,2023,64,3,402,16,7.0,Hardik Pandya-2023
Harry Gurney,2014,83.5,4,487,14,5.8,Harry Gurney-2014
Harshal Patel,2021,21,0,153,12,7.5,Harshal Patel-2021
Harshal Patel,2022,217.5,0,2034,69,9.1,Harshal Patel-2022
Harshal Patel,2023,12,0,123,6,10.3,Harshal Patel-2023
Heinrich Klaasen,2020,4,0,33,0,10.2,Heinrich Klaasen-2020
Heinrich Klaasen,2021,2,0,14,0,7.0,Heinrich Klaasen-2021
Imran Tahir,2011,38.9,2,150,14,3.8,Imran Tahir-2011
Imran Tahir,2013,84,4,405,19,5.1,Imran Tahir-2013
Imran Tahir,2014,157.1,4,750,36,5.3,Imran Tahir-2014
Imran Tahir,2015,213.1,11,1048,42,5.2,Imran Tahir-2015
Imran Tahir,2016,167,2,910,43,5.7,Imran Tahir-2016
Imran Tahir,2017,174.9,7,915,41,5.9,Imran Tahir-2017
Imran Tahir,2018,82.4,4,424,18,5.2,Imran Tahir-2018
Imran Tahir,2019,144,4,643,23,4.5,Imran Tahir-2019
Irfan Pathan,2004,991.6,44,4960,188,5.0,Irfan Pathan-2004
Irfan Pathan,2005,644.8,56,3236,128,5.2,Irfan Pathan-2005
Irfan Pathan,2006,716,68,3672,140,5.5,Irfan Pathan-2006
Irfan Pathan,2007,538,16,3112,100,6.0,Irfan Pathan-2007
Irfan Pathan,2008,629.6,16,3676,84,6.1,Irfan Pathan-2008
Irfan Pathan,2009,136,0,1108,32,8.5,Irfan Pathan-2009
Irfan Pathan,2011,36,4,168,8,4.7,Irfan Pathan-2011
Irfan Pathan,2012,508.4,12,3108,124,7.1,Irfan Pathan-2012
Ishant Sharma,2007,21,0,114,0,5.4,Ishant Sharma-2007
Ishant Sharma,2008,459.9,12,2463,81,5.4,Ishant Sharma-2008
Ishant Sharma,2009,559.5,21,3756,105,7.1,Ishant Sharma-2009
Ishant Sharma,2010,78.3,6,384,21,4.9,Ishant Sharma-2010
Ishant Sharma,2011,58.2,0,327,3,5.5,Ishant Sharma-2011
Ishant Sharma,2012,54,0,288,9,6.1,Ishant Sharma-2012
Ishant Sharma,2013,539.4,42,3135,105,6.1,Ishant Sharma-2013
Ishant Sharma,2014,111,6,672,18,5.8,Ishant Sharma-2014
Ishant Sharma,2016,120,0,750,27,6.3,Ishant Sharma-2016
Isuru Udana,2009,18,0,164,5,8.8,Isuru Udana-2009
Isuru Udana,2012,16,1,102,0,6.2,Isuru Udana-2012
Isuru Udana,2016,3,0,34,0,11.3,Isuru Udana-2016
Isuru Udana,2017,20.3,0,165,6,7.9,Isuru Udana-2017
Isuru Udana,2018,12.9,0,116,5,8.0,Isuru Udana-2018
Isuru Udana,2019,120,1,775,19,6.9,Isuru Udana-2019
Isuru Udana,2020,27,0,220,5,8.7,Isuru Udana-2020
Isuru Udana,2021,38,1,289,5,8.5,Isuru Udana-2021
Jacob Oram,2001,178,2,862,22,5.1,Jacob Oram-2001
Jacob Oram,2002,139.2,16,712,26,5.1,Jacob Oram-2002
Jacob Oram,2003,377.4,40,1628,54,4.4,Jacob Oram-2003
Jacob Oram,2004,374.8,46,1542,64,4.3,Jacob Oram-2004
Jacob Oram,2005,133,4,778,20,6.0,Jacob Oram-2005
Jacob Oram,2006,80,6,318,12,3.9,Jacob Oram-2006
Jacob Oram,2007,329.8,22,1648,38,6.3,Jacob Oram-2007
Jacob Oram,2008,204,18,782,26,4.1,Jacob Oram-2008
Jacob Oram,2009,184.8,8,938,24,5.9,Jacob Oram-2009
Jacob Oram,2010,122.6,4,588,22,5.9,Jacob Oram-2010
Jacob Oram,2011,210.4,12,1014,50,5.5,Jacob Oram-2011
Jacob Oram,2012,144.6,8,870,26,6.9,Jacob Oram-2012
Jacques Kallis,1996,37,2,162,4,4.3,Jacques Kallis-1996
Jacques Kallis,1997,58,2,297,4,5.6,Jacques Kallis-1997
Jacques Kallis,1998,91.4,3,465,19,5.5,Jacques Kallis-1998
Jacques Kallis,1999,185.7,11,782,29,4.5,Jacques Kallis-1999
Jacques Kallis,2000,283.5,18,1356,46,4.8,Jacques Kallis-2000
Jacques Kallis,2001,139.2,5,625,20,4.5,Jacques Kallis-2001
Jacques Kallis,2002,250,8,1190,42,4.7,Jacques Kallis-2002
Jacques Kallis,2003,118,6,608,14,5.4,Jacques Kallis-2003
Jacques Kallis,2004,80,4,436,11,5.8,Jacques Kallis-2004
Jacques Kallis,2005,92.6,3,504,12,5.7,Jacques Kallis-2005
Jacques Kallis,2006,84.1,6,418,17,5.7,Jacques Kallis-2006
Jacques Kallis,2007,131.1,4,666,19,5.4,Jacques Kallis-2007
Jacques Kallis,2008,40,1,183,7,5.3,Jacques Kallis-2008
Jacques Kallis,2009,70,1,390,7,6.4,Jacques Kallis-2009
Jacques Kallis,2010,79,1,411,13,5.4,Jacques Kallis-2010
Jacques Kallis,2011,48,4,217,8,4.4,Jacques Kallis-2011
Jacques Kallis,2012,28,1,181,10,7.4,Jacques Kallis-2012
Jacques Kallis,2013,19,0,122,3,6.5,Jacques Kallis-2013
James Faulkner,2012,4,0,36,0,9.0,James Faulkner-2012
James Faulkner,2013,320,10,1930,64,6.0,James Faulkner-2013
James Faulkner,2014,257.6,0,1494,52,6.0,James Faulkner-2014
James Faulkner,2015,149.6,8,758,32,4.6,James Faulkner-2015
James Faulkner,2016,353,2,2154,82,6.7,James Faulkner-2016
James Faulkner,2017,153,4,920,34,6.1,James Faulkner-2017
James Neesham,2012,15.5,0,185,0,11.8,James Neesham-2012
James Neesham,2013,215.5,0,1225,60,6.1,James Neesham-2013
James Neesham,2014,345,0,2485,75,8.9,James Neesham-2014
James Neesham,2015,115,5,750,20,6.5,James Neesham-2015
James Neesham,2016,235,5,1575,50,7.2,James Neesham-2016
James Neesham,2017,225,0,1540,20,7.4,James Neesham-2017
James Neesham,2019,506,10,2925,135,7.0,James Neesham-2019
James Neesham,2020,203,0,1445,25,9.0,James Neesham-2020
James Neesham,2021,208,10,1495,60,10.6,James Neesham-2021
James Neesham,2022,245,0,1740,25,8.7,James Neesham-2022
James Neesham,2023,20,0,150,10,7.5,James Neesham-2023
Jason Behrendorff,2017,15,0,78,12,5.1,Jason Behrendorff-2017
Jason Behrendorff,2018,15,0,174,3,12.9,Jason Behrendorff-2018
Jason Behrendorff,2019,312.9,21,1650,54,5.3,Jason Behrendorff-2019
Jason Behrendorff,2021,18,0,210,0,11.7,Jason Behrendorff-2021
Jason Behrendorff,2022,27,0,153,0,5.7,Jason Behrendorff-2022
Jason Holder,2013,474,40,2370,85,5.1,Jason Holder-2013
Jason Holder,2014,335,15,1955,70,6.5,Jason Holder-2014
Jason Holder,2015,610,50,3990,110,6.8,Jason Holder-2015
Jason Holder,2016,570,20,2920,100,5.6,Jason Holder-2016
Jason Holder,2017,906.5,55,5000,125,5.8,Jason Holder-2017
Jason Holder,2018,615,5,3425,105,6.2,Jason Holder-2018
Jason Holder,2019,1107.5,55,6845,135,6.6,Jason Holder-2019
Jason Holder,2020,140,0,855,15,6.2,Jason Holder-2020
Jason Holder,2021,400,5,2655,70,7.2,Jason Holder-2021
Jason Holder,2022,702.5,45,4610,205,7.1,Jason Holder-2022
Jason Holder,2023,110,10,1005,10,9.6,Jason Holder-2023
Jasprit Bumrah,2016,147.2,8,776,45,5.7,Jasprit Bumrah-2016
Jasprit Bumrah,2017,233.6,13,1264,51,5.6,Jasprit Bumrah-2017
Jasprit Bumrah,2018,131.5,10,582,30,4.8,Jasprit Bumrah-2018
Jasprit Bumrah,2019,140.5,9,661,28,4.7,Jasprit Bumrah-2019
Jasprit Bumrah,2020,111.4,6,648,13,5.9,Jasprit Bumrah-2020
Jasprit Bumrah,2021,18.4,1,95,7,5.2,Jasprit Bumrah-2021
Jasprit Bumrah,2022,63.2,5,331,17,6.1,Jasprit Bumrah-2022
Jayant Yadav,2016,20,0,40,5,2.0,Jayant Yadav-2016
Jayant Yadav,2022,50,0,265,0,5.3,Jayant Yadav-2022
Jaydev Unadkat,2013,572,55,2299,88,4.0,Jaydev Unadkat-2013
Jaydev Unadkat,2016,44,0,473,0,10.8,Jaydev Unadkat-2016
Jaydev Unadkat,2017,99,0,484,44,4.9,Jaydev Unadkat-2017
Jaydev Unadkat,2018,235.4,0,2354,110,10.0,Jaydev Unadkat-2018
Jeevan Mendis,2010,28,0,129,4,5.4,Jeevan Mendis-2010
Jeevan Mendis,2011,81,0,394,10,5.3,Jeevan Mendis-2011
Jeevan Mendis,2012,52,0,281,14,5.8,Jeevan Mendis-2012
Jeevan Mendis,2013,14.5,1,93,1,5.6,Jeevan Mendis-2013
Jeevan Mendis,2014,35,1,195,1,5.5,Jeevan Mendis-2014
Jeevan Mendis,2015,30,0,158,4,5.4,Jeevan Mendis-2015
Jeevan Mendis,2018,17,0,133,6,8.2,Jeevan Mendis-2018
Jeevan Mendis,2019,11.1,0,70,0,7.4,Jeevan Mendis-2019
Jesse Ryder,2008,15,0,113,4,7.0,Jesse Ryder-2008
Jesse Ryder,2009,37.4,0,237,6,7.6,Jesse Ryder-2009
Jesse Ryder,2010,7,0,36,2,5.3,Jesse Ryder-2010
Jesse Ryder,2011,13.7,0,81,1,6.5,Jesse Ryder-2011
Jesse Ryder,2014,4,0,13,1,3.3,Jesse Ryder-2014
Jhye Richardson,2017,6,0,62,2,10.3,Jhye Richardson-2017
Jhye Richardson,2018,57,2,420,14,7.4,Jhye Richardson-2018
Jhye Richardson,2019,79,8,437,17,6.0,Jhye Richardson-2019
Jhye Richardson,2020,10,1,58,0,5.8,Jhye Richardson-2020
Jhye Richardson,2021,16,0,139,4,8.6,Jhye Richardson-2021
Jhye Richardson,2022,33,0,233,9,7.5,Jhye Richardson-2022
Joe Denly,2009,1,0,9,1,9.0,Joe Denly-2009
Joe Denly,2018,4,0,19,4,4.8,Joe Denly-2018
Joe Denly,2019,17,0,117,3,8.4,Joe Denly-2019
Joe Denly,2020,7,0,49,0,7.4,Joe Denly-2020
Joel Paris,2016,16,0,93,1,5.8,Joel Paris-2016
Jofra Archer,2019,253,20,1196,50,4.6,Jofra Archer-2019
Jofra Archer,2020,104,4,676,24,7.2,Jofra Archer-2020
Jofra Archer,2021,40,2,310,14,7.8,Jofra Archer-2021
Jofra Archer,2023,97.2,4,532,32,5.8,Jofra Archer-2023
Johan Botha,2005,75,3,369,6,4.8,Johan Botha-2005
Johan Botha,2006,156,0,843,18,5.6,Johan Botha-2006
Johan Botha,2007,269.1,6,1341,15,4.9,Johan Botha-2007
Johan Botha,2008,346.5,12,1341,66,4.1,Johan Botha-2008
Johan Botha,2009,510,9,2469,72,5.4,Johan Botha-2009
Johan Botha,2010,468,0,2517,84,5.7,Johan Botha-2010
Johan Botha,2011,350.1,9,1593,39,4.9,Johan Botha-2011
Johan Botha,2012,118.8,3,744,27,7.0,Johan Botha-2012
John Hastings,2010,38,2,178,4,5.0,John Hastings-2010
John Hastings,2011,164,0,774,18,5.1,John Hastings-2011
John Hastings,2015,32.4,4,154,6,5.5,John Hastings-2015
John Hastings,2016,303.6,8,1762,66,6.4,John Hastings-2016
John Hastings,2017,18,0,138,4,7.7,John Hastings-2017
Josh Hazlewood,2010,21,0,123,3,5.9,Josh Hazlewood-2010
Josh Hazlewood,2013,30,0,255,9,7.6,Josh Hazlewood-2013
Josh Hazlewood,2014,137.1,9,780,39,6.4,Josh Hazlewood-2014
Josh Hazlewood,2015,160.8,21,642,27,4.0,Josh Hazlewood-2015
Josh Hazlewood,2016,446.4,30,2310,81,5.5,Josh Hazlewood-2016
Josh Hazlewood,2017,259.5,6,1278,57,4.9,Josh Hazlewood-2017
Josh Hazlewood,2018,171,9,852,24,5.0,Josh Hazlewood-2018
Josh Hazlewood,2020,318.9,24,1665,51,5.5,Josh Hazlewood-2020
Josh Hazlewood,2021,205.2,12,1215,84,6.3,Josh Hazlewood-2021
Josh Hazlewood,2022,516.9,45,2721,123,6.3,Josh Hazlewood-2022
Kagiso Rabada,2014,18,0,156,3,8.7,Kagiso Rabada-2014
Kagiso Rabada,2015,330.3,15,1800,87,6.0,Kagiso Rabada-2015
Kagiso Rabada,2016,447.9,18,2778,105,6.6,Kagiso Rabada-2016
Kagiso Rabada,2017,465.3,36,2238,81,4.8,Kagiso Rabada-2017
Kagiso Rabada,2018,388.8,24,1941,75,5.3,Kagiso Rabada-2018
Kagiso Rabada,2019,498.3,33,2628,84,5.6,Kagiso Rabada-2019
Kagiso Rabada,2020,55.5,0,513,9,9.4,Kagiso Rabada-2020
Kagiso Rabada,2021,330.6,15,2247,81,7.7,Kagiso Rabada-2021
Kagiso Rabada,2022,273.9,12,1881,48,7.5,Kagiso Rabada-2022
Kagiso Rabada,2023,78,6,504,12,7.7,Kagiso Rabada-2023
Kane Richardson,2013,30,15,75,0,2.5,Kane Richardson-2013
Kane Richardson,2014,313,15,1625,45,5.4,Kane Richardson-2014
Kane Richardson,2016,210,15,1410,30,7.2,Kane Richardson-2016
Kane Richardson,2017,142.5,0,790,35,5.5,Kane Richardson-2017
Kane Richardson,2018,250,5,1865,70,8.0,Kane Richardson-2018
Kane Richardson,2019,282,5,1775,75,6.3,Kane Richardson-2019
Kane Richardson,2020,230.5,0,1500,50,6.8,Kane Richardson-2020
Kane Richardson,2021,73,0,685,35,8.8,Kane Richardson-2021
Kane Richardson,2022,166,0,1600,75,9.5,Kane Richardson-2022
Kane Williamson,2010,42,2,206,2,5.9,Kane Williamson-2010
Kane Williamson,2011,12,0,74,0,5.8,Kane Williamson-2011
Kane Williamson,2012,39.2,0,298,12,7.5,Kane Williamson-2012
Kane Williamson,2013,132.8,0,722,24,6.2,Kane Williamson-2013
Kane Williamson,2014,66.6,0,406,14,7.7,Kane Williamson-2014
Kane Williamson,2015,78,0,484,6,6.5,Kane Williamson-2015
Kane Williamson,2016,42,2,180,10,4.6,Kane Williamson-2016
Kane Williamson,2017,46,0,276,10,6.3,Kane Williamson-2017
Kane Williamson,2018,24,0,110,4,8.7,Kane Williamson-2018
Kane Williamson,2019,44,0,192,4,4.3,Kane Williamson-2019
Karn Sharma,2014,115,5,765,5,6.7,Karn Sharma-2014
Kedar Jadhav,2016,54,0,219,18,4.2,Kedar Jadhav-2016
Kedar Jadhav,2017,223.5,0,1227,30,5.2,Kedar Jadhav-2017
Kedar Jadhav,2018,123,3,507,18,4.5,Kedar Jadhav-2018
Kedar Jadhav,2019,192,0,1107,15,6.9,Kedar Jadhav-2019
Keemo Paul,2018,132.4,1,892,28,7.2,Keemo Paul-2018
Keemo Paul,2019,54.6,2,385,16,7.8,Keemo Paul-2019
Keemo Paul,2020,29.2,0,247,3,9.7,Keemo Paul-2020
Keemo Paul,2022,22,0,153,3,8.5,Keemo Paul-2022
Kevin Pietersen,2004,6,0,66,0,11.0,Kevin Pietersen-2004
Kevin Pietersen,2006,36,0,207,3,5.4,Kevin Pietersen-2006
Kevin Pietersen,2007,7.5,0,45,3,5.5,Kevin Pietersen-2007
Kevin Pietersen,2008,54,0,285,9,6.8,Kevin Pietersen-2008
Kevin Pietersen,2009,10.5,0,108,3,7.5,Kevin Pietersen-2009
Kevin Pietersen,2010,30,0,135,3,4.5,Kevin Pietersen-2010
Kevin Pietersen,2011,66,0,411,3,7.2,Kevin Pietersen-2011
Kevin Pietersen,2012,3,0,12,0,4.0,Kevin Pietersen-2012
Kieron Pollard,2007,3,0,20,0,6.7,Kieron Pollard-2007
Kieron Pollard,2008,8,0,65,3,8.4,Kieron Pollard-2008
Kieron Pollard,2009,69.2,0,439,16,7.2,Kieron Pollard-2009
Kieron Pollard,2010,118.4,4,669,22,6.7,Kieron Pollard-2010
Kieron Pollard,2011,82.5,0,462,7,5.6,Kieron Pollard-2011
Kieron Pollard,2012,20,0,133,3,8.0,Kieron Pollard-2012
Kieron Pollard,2013,53.1,0,342,10,7.0,Kieron Pollard-2013
Kieron Pollard,2014,8,0,55,1,7.6,Kieron Pollard-2014
Kieron Pollard,2015,11,0,90,4,8.7,Kieron Pollard-2015
Kieron Pollard,2016,44.4,0,323,7,7.3,Kieron Pollard-2016
Kieron Pollard,2017,3,0,27,0,9.3,Kieron Pollard-2017
Kieron Pollard,2018,4,0,41,0,10.8,Kieron Pollard-2018
Kieron Pollard,2019,24,0,189,7,8.4,Kieron Pollard-2019
Kieron Pollard,2020,28.2,0,218,10,8.8,Kieron Pollard-2020
Kieron Pollard,2021,23.2,0,138,2,7.8,Kieron Pollard-2021
Kieron Pollard,2022,20.3,0,138,5,7.4,Kieron Pollard-2022
Krishnappa Gowtham,2021,40,0,245,5,6.1,Krishnappa Gowtham-2021
Krunal Pandya,2018,72,0,585,18,8.1,Krunal Pandya-2018
Krunal Pandya,2019,125.4,3,1029,24,8.0,Krunal Pandya-2019
Krunal Pandya,2021,120,3,717,9,6.7,Krunal Pandya-2021
Kuldeep Sen,2022,5,0,37,2,7.4,Kuldeep Sen-2022
Kuldeep Yadav,2017,280.8,10,1534,68,6.2,Kuldeep Yadav-2017
Kuldeep Yadav,2018,413,10,2012,132,5.1,Kuldeep Yadav-2018
Kuldeep Yadav,2019,432,6,2362,72,5.4,Kuldeep Yadav-2019
Kuldeep Yadav,2020,108,0,722,16,7.0,Kuldeep Yadav-2020
Kuldeep Yadav,2021,88,2,602,8,7.0,Kuldeep Yadav-2021
Kuldeep Yadav,2022,150.2,8,734,30,4.8,Kuldeep Yadav-2022
Kuldeep Yadav,2023,134.6,8,732,34,6.3,Kuldeep Yadav-2023
Kyle Abbott,2013,36.4,0,214,4,6.6,Kyle Abbott-2013
Kyle Abbott,2014,117,10,536,18,4.9,Kyle Abbott-2014
Kyle Abbott,2015,221.4,4,1372,42,6.5,Kyle Abbott-2015
Kyle Abbott,2016,201.8,12,1138,56,6.3,Kyle Abbott-2016
Kyle Jamieson,2020,33.4,1,201,6,6.8,Kyle Jamieson-2020
Kyle Jamieson,2021,41,3,266,3,8.1,Kyle Jamieson-2021
Kyle Jamieson,2022,22.4,2,110,6,5.0,Kyle Jamieson-2022
Kyle Mayers,2020,1,0,10,0,10.0,Kyle Mayers-2020
Kyle Mayers,2021,9,0,49,1,6.2,Kyle Mayers-2021
Kyle Mayers,2022,60.4,2,400,5,8.0,Kyle Mayers-2022
Kyle Mayers,2023,8,0,52,2,6.3,Kyle Mayers-2023
Lakshmipathy Balaji,2002,4,0,44,0,11.0,Lakshmipathy Balaji-2002
Lakshmipathy Balaji,2004,196.3,11,1053,30,5.4,Lakshmipathy Balaji-2004
Lakshmipathy Balaji,2005,35,0,215,4,6.3,Lakshmipathy Balaji-2005
Lakshmipathy Balaji,2009,5,0,32,0,6.4,Lakshmipathy Balaji-2009
Lakshmipathy Balaji,2012,15.2,0,121,10,7.9,Lakshmipathy Balaji-2012
Lasith Malinga,2004,34,3,159,4,5.0,Lasith Malinga-2004
Lasith Malinga,2005,6,0,44,0,7.3,Lasith Malinga-2005
Lasith Malinga,2006,157.7,8,746,30,4.8,Lasith Malinga-2006
Lasith Malinga,2007,170.8,17,844,40,5.1,Lasith Malinga-2007
Lasith Malinga,2008,70.4,5,368,12,5.4,Lasith Malinga-2008
Lasith Malinga,2009,143.3,1,970,28,7.2,Lasith Malinga-2009
Lasith Malinga,2010,117.4,2,597,29,5.6,Lasith Malinga-2010
Lasith Malinga,2011,198.6,12,971,51,5.0,Lasith Malinga-2011
Lasith Malinga,2012,296.5,11,1758,57,6.2,Lasith Malinga-2012
Lasith Malinga,2013,248.7,16,1394,47,5.8,Lasith Malinga-2013
Lasith Malinga,2014,159.6,9,960,41,5.8,Lasith Malinga-2014
Lasith Malinga,2015,136.8,4,827,26,6.2,Lasith Malinga-2015
Lasith Malinga,2016,4,0,26,4,6.5,Lasith Malinga-2016
Lasith Malinga,2017,127.5,5,821,22,6.6,Lasith Malinga-2017
Lasith Malinga,2018,48,3,254,12,5.9,Lasith Malinga-2018
Lasith Malinga,2019,178.8,8,1082,41,6.1,Lasith Malinga-2019
Lasith Malinga,2020,15,0,164,1,11.2,Lasith Malinga-2020
Liam Livingstone,2021,84,0,534,27,6.6,Liam Livingstone-2021
Liam Livingstone,2022,141,3,1116,36,9.1,Liam Livingstone-2022
Lockie Ferguson,2016,102,0,690,15,6.7,Lockie Ferguson-2016
Lockie Ferguson,2017,153,3,897,33,5.9,Lockie Ferguson-2017
Lockie Ferguson,2018,240.6,0,1263,60,5.4,Lockie Ferguson-2018
Lockie Ferguson,2019,547.2,15,2973,135,5.6,Lockie Ferguson-2019
Lockie Ferguson,2020,54,0,348,27,7.6,Lockie Ferguson-2020
Lockie Ferguson,2021,42,0,321,12,7.5,Lockie Ferguson-2021
Lockie Ferguson,2022,404.1,6,2733,84,7.0,Lockie Ferguson-2022
Lockie Ferguson,2023,177,6,1170,18,7.0,Lockie Ferguson-2023
Maheesh Theekshana,2021,47,0,267,13,5.8,Maheesh Theekshana-2021
Maheesh Theekshana,2022,184.1,4,1026,31,6.0,Maheesh Theekshana-2022
Maheesh Theekshana,2023,16,0,132,2,8.3,Maheesh Theekshana-2023
Manoj Tiwary,2011,30,0,207,3,9.0,Manoj Tiwary-2011
Manoj Tiwary,2012,33,3,225,12,10.1,Manoj Tiwary-2012
Manoj Tiwary,2015,3,0,18,0,6.0,Manoj Tiwary-2015
Manpreet Gony,2008,26,2,152,4,5.2,Manpreet Gony-2008
Marchant De Lange,2012,34,2,250,14,8.3,Marchant De Lange-2012
Marchant De Lange,2014,23,0,130,8,6.2,Marchant De Lange-2014
Marchant De Lange,2015,38.4,0,298,8,8.8,Marchant De Lange-2015
Marchant De Lange,2016,20,0,174,4,8.7,Marchant De Lange-2016
Marco Jansen,2022,56.2,2,374,6,7.2,Marco Jansen-2022
Marco Jansen,2023,113.4,5,708,22,6.7,Marco Jansen-2023
Marcus Stoinis,2015,20,0,120,0,8.6,Marcus Stoinis-2015
Marcus Stoinis,2017,214,0,1224,24,5.7,Marcus Stoinis-2017
Marcus Stoinis,2018,431.6,4,3056,84,7.9,Marcus Stoinis-2018
Marcus Stoinis,2019,425.6,4,2660,60,6.5,Marcus Stoinis-2019
Marcus Stoinis,2020,40.8,0,240,0,7.1,Marcus Stoinis-2020
Marcus Stoinis,2021,28,0,300,4,10.8,Marcus Stoinis-2021
Marcus Stoinis,2022,224,0,1444,48,6.5,Marcus Stoinis-2022
Marcus Stoinis,2023,64.4,4,280,12,4.3,Marcus Stoinis-2023
Mark Wood,2015,186,3,1110,24,6.1,Mark Wood-2015
Mark Wood,2016,120,3,702,21,5.9,Mark Wood-2016
Mark Wood,2017,213.3,9,1062,33,5.3,Mark Wood-2017
Mark Wood,2018,417.9,18,2490,48,6.3,Mark Wood-2018
Mark Wood,2019,406.2,6,2235,90,5.4,Mark Wood-2019
Mark Wood,2020,123,3,918,30,8.7,Mark Wood-2020
Mark Wood,2021,198,12,1272,39,7.0,Mark Wood-2021
Mark Wood,2022,78,0,558,54,7.2,Mark Wood-2022
Mark Wood,2023,42,0,216,9,6.6,Mark Wood-2023
Martin Guptill,2009,6,0,50,0,9.5,Martin Guptill-2009
Martin Guptill,2010,17,0,78,4,5.7,Martin Guptill-2010
Martin Guptill,2012,0.4,0,4,0,6.0,Martin Guptill-2012
Martin Guptill,2014,8,0,46,0,5.8,Martin Guptill-2014
Martin Guptill,2015,4,0,28,0,7.0,Martin Guptill-2015
Martin Guptill,2016,2,0,12,4,6.0,Martin Guptill-2016
Matt Henry,2014,124,6,660,40,5.4,Matt Henry-2014
Matt Henry,2015,203.8,14,1176,36,5.9,Matt Henry-2015
Matt Henry,2016,218.4,6,1370,52,6.6,Matt Henry-2016
Matt Henry,2017,68,4,366,12,5.8,Matt Henry-2017
Matt Henry,2018,40,2,212,10,5.3,Matt Henry-2018
Matt Henry,2019,288.8,24,1472,48,5.1,Matt Henry-2019
Matt Henry,2021,58,12,202,12,3.5,Matt Henry-2021
Matt Henry,2022,176.6,18,834,36,4.7,Matt Henry-2022
Matt Henry,2023,32,8,52,6,1.7,Matt Henry-2023
Mayank Agarwal,2020,4,0,40,0,10.0,Mayank Agarwal-2020
Mayank Markande,2019,8,0,62,0,7.8,Mayank Markande-2019
Michael Hussey,2004,6,0,30,0,5.0,Michael Hussey-2004
Michael Hussey,2005,24,0,154,2,6.6,Michael Hussey-2005
Michael Hussey,2006,30,2,126,2,4.7,Michael Hussey-2006
Michael Hussey,2007,4,0,24,0,6.0,Michael Hussey-2007
Michael Hussey,2009,8,0,62,0,6.8,Michael Hussey-2009
Michael Hussey,2010,8,0,68,0,8.5,Michael Hussey-2010
Michael Hussey,2012,2,0,16,0,8.0,Michael Hussey-2012
Mitchell Johnson,2005,27,0,192,0,7.1,Mitchell Johnson-2005
Mitchell Johnson,2006,183,3,891,42,5.1,Mitchell Johnson-2006
Mitchell Johnson,2007,450,21,2388,108,5.4,Mitchell Johnson-2007
Mitchell Johnson,2008,394.8,42,1710,75,4.8,Mitchell Johnson-2008
Mitchell Johnson,2009,811.8,42,4371,150,5.6,Mitchell Johnson-2009
Mitchell Johnson,2010,448.5,18,2466,102,5.8,Mitchell Johnson-2010
Mitchell Johnson,2011,599.1,30,2865,135,5.1,Mitchell Johnson-2011
Mitchell Johnson,2012,129,3,612,18,4.8,Mitchell Johnson-2012
Mitchell Johnson,2013,539.7,39,2655,105,5.0,Mitchell Johnson-2013
Mitchell Johnson,2014,268.5,18,1296,42,4.6,Mitchell Johnson-2014
Mitchell Johnson,2015,210.9,12,1059,54,5.1,Mitchell Johnson-2015
Mitchell Marsh,2011,20,0,120,4,7.9,Mitchell Marsh-2011
Mitchell Marsh,2012,16,0,120,4,7.5,Mitchell Marsh-2012
Mitchell Marsh,2013,16,0,100,0,6.3,Mitchell Marsh-2013
Mitchell Marsh,2014,156,4,828,16,5.0,Mitchell Marsh-2014
Mitchell Marsh,2015,244,4,1392,56,6.8,Mitchell Marsh-2015
Mitchell Marsh,2016,627.2,12,3716,96,6.3,Mitchell Marsh-2016
Mitchell Marsh,2017,48,0,236,4,4.9,Mitchell Marsh-2017
Mitchell Marsh,2018,80,4,368,20,5.1,Mitchell Marsh-2018
Mitchell Marsh,2020,169.2,8,968,24,6.2,Mitchell Marsh-2020
Mitchell Marsh,2021,104,0,692,36,7.7,Mitchell Marsh-2021
Mitchell Marsh,2022,100,4,504,16,6.5,Mitchell Marsh-2022
Mitchell McClenaghan,2012,11,1,76,4,6.9,Mitchell McClenaghan-2012
Mitchell McClenaghan,2013,154.7,4,970,47,6.9,Mitchell McClenaghan-2013
Mitchell McClenaghan,2014,130.7,2,807,22,6.1,Mitchell McClenaghan-2014
Mitchell McClenaghan,2015,163,6,1031,33,6.6,Mitchell McClenaghan-2015
Mitchell McClenaghan,2016,26,0,187,6,6.7,Mitchell McClenaghan-2016
Mitchell McClenaghan,2018,3,0,31,0,10.3,Mitchell McClenaghan-2018
Mitchell Santner,2015,159,0,1062,27,6.6,Mitchell Santner-2015
Mitchell Santner,2016,492.9,6,2442,99,5.2,Mitchell Santner-2016
Mitchell Santner,2017,534,6,2685,93,5.4,Mitchell Santner-2017
Mitchell Santner,2018,296.7,6,1674,45,7.0,Mitchell Santner-2018
Mitchell Santner,2019,441,21,2451,90,6.1,Mitchell Santner-2019
Mitchell Santner,2020,180,0,1239,21,8.2,Mitchell Santner-2020
Mitchell Santner,2021,210.9,0,1218,48,6.3,Mitchell Santner-2021
Mitchell Santner,2022,480.9,6,2658,105,6.0,Mitchell Santner-2022
Mitchell Santner,2023,198.3,3,1053,15,5.5,Mitchell Santner-2023
Mitchell Starc,2010,35,0,156,8,4.4,Mitchell Starc-2010
Mitchell Starc,2012,206.2,6,1150,64,5.8,Mitchell Starc-2012
Mitchell Starc,2013,125.4,6,660,32,4.9,Mitchell Starc-2013
Mitchell Starc,2014,212.4,18,1190,44,6.1,Mitchell Starc-2014
Mitchell Starc,2015,295.2,12,1398,84,4.7,Mitchell Starc-2015
Mitchell Starc,2016,243,14,1140,60,5.1,Mitchell Starc-2016
Mitchell Starc,2017,162.8,10,834,36,5.1,Mitchell Starc-2017
Mitchell Starc,2018,142,4,874,24,6.2,Mitchell Starc-2018
Mitchell Starc,2019,221.6,10,1256,70,5.8,Mitchell Starc-2019
Mitchell Starc,2020,255.2,2,1688,40,7.0,Mitchell Starc-2020
Mitchell Starc,2021,154.2,4,1134,48,8.2,Mitchell Starc-2021
Mitchell Starc,2022,211.6,12,1206,58,6.3,Mitchell Starc-2022
Mitchell Starc,2023,55,2,338,16,6.1,Mitchell Starc-2023
Moeen Ali,2014,190,2,1012,22,6.0,Moeen Ali-2014
Moeen Ali,2015,342.8,4,1646,52,4.9,Moeen Ali-2015
Moeen Ali,2016,312,4,1814,34,6.6,Moeen Ali-2016
Moeen Ali,2017,234.2,4,1330,18,5.7,Moeen Ali-2017
Moeen Ali,2018,407.4,6,2238,60,6.2,Moeen Ali-2018
Moeen Ali,2019,184,0,1176,12,7.0,Moeen Ali-2019
Moeen Ali,2020,116,0,654,6,7.3,Moeen Ali-2020
Moeen Ali,2021,87,2,500,26,5.7,Moeen Ali-2021
Moeen Ali,2022,171.6,2,1228,40,8.4,Moeen Ali-2022
Moeen Ali,2023,96.4,4,572,12,7.4,Moeen Ali-2023
Mohammad Nabi,2009,75,0,279,0,3.8,Mohammad Nabi-2009
Mohammad Nabi,2010,366,21,1845,60,5.6,Mohammad Nabi-2010
Mohammad Nabi,2011,40.5,6,141,15,3.6,Mohammad Nabi-2011
Mohammad Nabi,2012,168.3,3,1011,18,7.0,Mohammad Nabi-2012
Mohammad Nabi,2013,183.9,21,852,30,5.4,Mohammad Nabi-2013
Mohammad Nabi,2014,401.4,6,1791,54,4.5,Mohammad Nabi-2014
Mohammad Nabi,2015,493.2,0,2574,66,5.5,Mohammad Nabi-2015
Mohammad Nabi,2016,435,24,2223,114,5.8,Mohammad Nabi-2016
Mohammad Nabi,2017,462.3,6,2403,90,5.8,Mohammad Nabi-2017
Mohammad Nabi,2018,578.4,33,2511,96,4.6,Mohammad Nabi-2018
Mohammad Nabi,2019,515.7,12,2580,54,5.7,Mohammad Nabi-2019
Mohammad Nabi,2020,12,0,96,0,10.0,Mohammad Nabi-2020
Mohammad Nabi,2021,153,0,933,18,7.5,Mohammad Nabi-2021
Mohammad Nabi,2022,318,12,1770,69,7.2,Mohammad Nabi-2022
Mohammad Nabi,2023,18,0,132,9,7.3,Mohammad Nabi-2023
Mohammed Siraj,2017,16,0,196,4,12.3,Mohammed Siraj-2017
Mohammed Siraj,2018,8,0,100,2,12.5,Mohammed Siraj-2018
Mohammed Siraj,2019,20,0,152,0,7.6,Mohammed Siraj-2019
Mohammed Siraj,2021,8,0,78,2,9.8,Mohammed Siraj-2021
Mohammed Siraj,2022,276,26,1342,62,5.0,Mohammed Siraj-2022
Mohammed Siraj,2023,107.6,14,502,38,5.2,Mohammed Siraj-2023
Mohsin Khan,1982,5,0,10,5,2.0,Mohsin Khan-1982
Mohsin Khan,1983,5,0,15,0,3.0,Mohsin Khan-1983
Moises Henriques,2009,60,0,336,4,5.5,Moises Henriques-2009
Moises Henriques,2013,52,4,216,12,7.2,Moises Henriques-2013
Moises Henriques,2014,24,0,200,12,8.3,Moises Henriques-2014
Moises Henriques,2015,28,0,136,4,4.9,Moises Henriques-2015
Moises Henriques,2016,76,0,532,8,8.1,Moises Henriques-2016
Moises Henriques,2017,64,0,436,4,7.3,Moises Henriques-2017
Moises Henriques,2020,52,0,288,16,6.6,Moises Henriques-2020
Moises Henriques,2021,4,0,20,0,5.0,Moises Henriques-2021
Morne Morkel,2007,160,8,804,42,5.3,Morne Morkel-2007
Morne Morkel,2008,168.4,4,868,28,5.4,Morne Morkel-2008
Morne Morkel,2009,139.4,6,738,24,5.4,Morne Morkel-2009
Morne Morkel,2010,226.2,12,1234,62,5.6,Morne Morkel-2010
Morne Morkel,2011,221,8,1040,58,4.9,Morne Morkel-2011
Morne Morkel,2012,252.4,12,1458,62,6.3,Morne Morkel-2012
Morne Morkel,2013,304,20,1504,58,5.6,Morne Morkel-2013
Morne Morkel,2014,246,10,1506,52,6.6,Morne Morkel-2014
Morne Morkel,2015,275.4,12,1334,56,5.1,Morne Morkel-2015
Morne Morkel,2016,74.4,0,464,10,6.1,Morne Morkel-2016
Morne Morkel,2017,88,4,542,14,6.6,Morne Morkel-2017
Morne Morkel,2018,76,4,412,4,5.7,Morne Morkel-2018
Munaf Patel,2006,218.8,22,1032,30,4.7,Munaf Patel-2006
Munaf Patel,2007,176.6,16,856,34,4.9,Munaf Patel-2007
Munaf Patel,2008,182.8,16,790,28,4.3,Munaf Patel-2008
Munaf Patel,2009,54.4,2,422,2,7.1,Munaf Patel-2009
Munaf Patel,2010,90,4,348,14,3.8,Munaf Patel-2010
Munaf Patel,2011,345,16,1930,72,5.9,Munaf Patel-2011
Murali Kartik,2002,94,2,472,8,5.1,Murali Kartik-2002
Murali Kartik,2003,80,8,306,8,3.8,Murali Kartik-2003
Murali Kartik,2004,132,2,770,16,6.0,Murali Kartik-2004
Murali Kartik,2005,186,16,948,20,5.1,Murali Kartik-2005
Murali Kartik,2006,18,0,128,2,7.1,Murali Kartik-2006
Murali Kartik,2007,133,10,654,20,5.1,Murali Kartik-2007
Murali Vijay,2015,32,0,184,4,5.6,Murali Vijay-2015
Mustafizur Rahman,2015,472.5,20,2165,160,4.7,Mustafizur Rahman-2015
Mustafizur Rahman,2016,253.5,10,1445,100,5.9,Mustafizur Rahman-2016
Mustafizur Rahman,2017,485.5,15,2760,95,6.0,Mustafizur Rahman-2017
Mustafizur Rahman,2018,971,65,5375,250,6.8,Mustafizur Rahman-2018
Mustafizur Rahman,2019,827.5,15,5870,190,7.4,Mustafizur Rahman-2019
Mustafizur Rahman,2020,135,0,900,40,7.2,Mustafizur Rahman-2020
Mustafizur Rahman,2021,727.5,35,4375,230,6.3,Mustafizur Rahman-2021
Mustafizur Rahman,2022,821.5,10,4605,125,6.2,Mustafizur Rahman-2022
Mustafizur Rahman,2023,235.5,0,1325,20,5.8,Mustafizur Rahman-2023
Nathan Ellis,2021,8,0,50,5,6.3,Nathan Ellis-2021
Nathan Ellis,2022,35,0,218,13,6.3,Nathan Ellis-2022
Nathan Ellis,2023,5,0,13,2,2.6,Nathan Ellis-2023
Nathan McCullum,2009,34.2,1,215,9,7.1,Nathan McCullum-2009
Nathan McCullum,2010,147.9,1,733,28,5.7,Nathan McCullum-2010
Nathan McCullum,2011,90,1,482,15,5.6,Nathan McCullum-2011
Nathan McCullum,2012,101.5,0,586,16,6.6,Nathan McCullum-2012
Nathan McCullum,2013,157.5,1,851,18,6.2,Nathan McCullum-2013
Nathan McCullum,2014,143,1,713,17,5.1,Nathan McCullum-2014
Nathan McCullum,2015,96,1,633,15,6.9,Nathan McCullum-2015
Nathan McCullum,2016,5,0,21,3,4.0,Nathan McCullum-2016
Navdeep Saini,2019,108,4,780,32,8.1,Navdeep Saini-2019
Navdeep Saini,2020,282,0,1976,44,6.9,Navdeep Saini-2020
Navdeep Saini,2021,20,0,108,0,5.4,Navdeep Saini-2021
Nicholas Pooran,2021,0.3,0,6,0,12.0,Nicholas Pooran-2021
Nicholas Pooran,2022,27.4,0,168,6,11.8,Nicholas Pooran-2022
Nitish Rana,2021,18,0,60,0,3.3,Nitish Rana-2021
Obed Mccoy,2018,14,0,109,4,7.7,Obed Mccoy-2018
Obed Mccoy,2019,3,0,44,1,14.7,Obed Mccoy-2019
Obed Mccoy,2021,39,0,276,18,7.2,Obed Mccoy-2021
Obed Mccoy,2022,48.3,1,439,19,9.1,Obed Mccoy-2022
Odean Smith,2018,7,0,78,2,11.3,Odean Smith-2018
Odean Smith,2021,10,0,114,4,11.1,Odean Smith-2021
Odean Smith,2022,76.1,0,609,24,8.5,Odean Smith-2022
Odean Smith,2023,11,0,135,4,13.9,Odean Smith-2023
Oshane Thomas,2018,102,2,854,22,9.0,Oshane Thomas-2018
Oshane Thomas,2019,209.6,2,1448,44,6.7,Oshane Thomas-2019
Oshane Thomas,2020,46.2,0,320,24,7.7,Oshane Thomas-2020
Oshane Thomas,2021,26,0,314,6,12.6,Oshane Thomas-2021
Pankaj Singh,2010,7,0,45,0,6.4,Pankaj Singh-2010
Parvinder Awana,2012,6,0,71,0,12.5,Parvinder Awana-2012
Pat Cummins,2011,93,6,606,30,6.9,Pat Cummins-2011
Pat Cummins,2012,144,3,981,39,6.9,Pat Cummins-2012
Pat Cummins,2014,93,3,510,24,5.2,Pat Cummins-2014
Pat Cummins,2015,284.1,12,1584,69,5.5,Pat Cummins-2015
Pat Cummins,2016,72.3,0,387,24,5.3,Pat Cummins-2016
Pat Cummins,2017,442.2,21,2349,54,5.6,Pat Cummins-2017
Pat Cummins,2018,168,21,798,24,4.6,Pat Cummins-2018
Pat Cummins,2019,500.7,33,2526,120,5.3,Pat Cummins-2019
Pat Cummins,2020,354,24,2133,60,6.4,Pat Cummins-2020
Pat Cummins,2021,72,0,531,15,8.0,Pat Cummins-2021
Pat Cummins,2022,289.5,15,1917,78,7.3,Pat Cummins-2022
Pawan Negi,2016,15,0,80,5,5.3,Pawan Negi-2016
Piyush Chawla,2007,444,16,2152,68,5.2,Piyush Chawla-2007
Piyush Chawla,2008,289.6,8,1492,44,5.2,Piyush Chawla-2008
Piyush Chawla,2010,44,0,276,8,6.5,Piyush Chawla-2010
Piyush Chawla,2011,140,0,824,16,5.8,Piyush Chawla-2011
Piyush Chawla,2012,48,4,328,8,8.3,Piyush Chawla-2012
Pragyan Ojha,2008,129,15,519,15,3.9,Pragyan Ojha-2008
Pragyan Ojha,2009,150,0,774,42,6.4,Pragyan Ojha-2009
Pragyan Ojha,2010,201.3,0,906,33,4.5,Pragyan Ojha-2010
Pragyan Ojha,2012,19.5,0,153,3,7.9,Pragyan Ojha-2012
Prasidh Krishna,2021,25.1,1,174,6,7.1,Prasidh Krishna-2021
Prasidh Krishna,2022,86.7,6,424,19,5.0,Prasidh Krishna-2022
Praveen Kumar,2007,20,2,100,0,5.0,Praveen Kumar-2007
Praveen Kumar,2008,248.6,24,1214,44,5.1,Praveen Kumar-2008
Praveen Kumar,2009,267,16,1438,34,5.3,Praveen Kumar-2009
Praveen Kumar,2010,230,28,1140,42,4.8,Praveen Kumar-2010
Praveen Kumar,2011,224,20,1148,30,5.8,Praveen Kumar-2011
Praveen Kumar,2012,142,2,894,20,7.1,Praveen Kumar-2012
Rahul Chahar,2019,12,0,108,4,9.0,Rahul Chahar-2019
Rahul Chahar,2021,116,0,776,36,7.2,Rahul Chahar-2021
Rassie Van Der Dussen,2022,1,0,3,1,3.0,Rassie Van Der Dussen-2022
Ravi Bishnoi,2022,46.4,0,343,17,7.2,Ravi Bishnoi-2022
Ravi Bopara,2007,70.2,2,344,8,5.2,Ravi Bopara-2007
Ravi Bopara,2008,20,2,136,2,6.9,Ravi Bopara-2008
Ravi Bopara,2009,20,0,106,2,5.1,Ravi Bopara-2009
Ravi Bopara,2010,20,2,76,8,3.8,Ravi Bopara-2010
Ravi Bopara,2011,115.6,10,634,22,5.8,Ravi Bopara-2011
Ravi Bopara,2012,118,2,476,16,4.7,Ravi Bopara-2012
Ravi Bopara,2013,146,2,862,20,7.3,Ravi Bopara-2013
Ravi Bopara,2014,193.4,2,1076,30,6.0,Ravi Bopara-2014
Ravi Bopara,2015,22,2,110,4,7.1,Ravi Bopara-2015
Ravi Rampaul,2003,52,8,274,0,5.7,Ravi Rampaul-2003
Ravi Rampaul,2004,140.8,2,814,22,6.5,Ravi Rampaul-2004
Ravi Rampaul,2007,176.4,14,842,36,5.4,Ravi Rampaul-2007
Ravi Rampaul,2008,39,2,262,2,7.2,Ravi Rampaul-2008
Ravi Rampaul,2009,56,4,268,10,5.2,Ravi Rampaul-2009
Ravi Rampaul,2010,257,12,1434,46,6.0,Ravi Rampaul-2010
Ravi Rampaul,2011,262.8,12,1396,66,5.7,Ravi Rampaul-2011
Ravi Rampaul,2012,189.4,4,1170,44,7.2,Ravi Rampaul-2012
Ravi Rampaul,2013,138,2,646,28,4.7,Ravi Rampaul-2013
Ravi Rampaul,2014,163,8,986,28,7.5,Ravi Rampaul-2014
Ravi Rampaul,2015,30,0,186,10,6.1,Ravi Rampaul-2015
Ravi Rampaul,2021,26,0,196,4,7.5,Ravi Rampaul-2021
Ravichandran Ashwin,2010,74,3,395,16,5.7,Ravichandran Ashwin-2010
Ravichandran Ashwin,2011,171.1,3,851,27,5.4,Ravichandran Ashwin-2011
Ravichandran Ashwin,2012,192.5,6,1026,27,5.9,Ravichandran Ashwin-2012
Ravichandran Ashwin,2013,261.5,6,1394,40,5.7,Ravichandran Ashwin-2013
Ravichandran Ashwin,2014,188.2,8,929,34,5.1,Ravichandran Ashwin-2014
Ravichandran Ashwin,2015,128.4,9,566,25,4.5,Ravichandran Ashwin-2015
Ravichandran Ashwin,2016,78,1,500,25,6.6,Ravichandran Ashwin-2016
Ravichandran Ashwin,2017,79,1,469,8,6.2,Ravichandran Ashwin-2017
Ravichandran Ashwin,2021,20,0,105,9,5.3,Ravichandran Ashwin-2021
Ravichandran Ashwin,2022,71,2,495,12,7.4,Ravichandran Ashwin-2022
Ricky Ponting,1998,4,0,21,0,5.3,Ricky Ponting-1998
Ricky Ponting,1999,11,0,43,1,3.1,Ricky Ponting-1999
Ricky Ponting,2001,10,0,40,2,4.0,Ricky Ponting-2001
Riley Meredith,2021,47,0,448,16,9.4,Riley Meredith-2021
Rishi Dhawan,2016,87,0,606,6,7.3,Rishi Dhawan-2016
Robin Uthappa,2014,0.8,0,0,0,0.0,Robin Uthappa-2014
Romario Shepherd,2019,18.2,0,101,3,5.9,Romario Shepherd-2019
Romario Shepherd,2020,28,3,148,3,6.5,Romario Shepherd-2020
Romario Shepherd,2021,21.5,0,230,4,10.9,Romario Shepherd-2021
Romario Shepherd,2022,105.5,1,772,22,8.0,Romario Shepherd-2022
Romario Shepherd,2023,9.5,0,108,1,10.8,Romario Shepherd-2023
Ross Taylor,2007,3,0,18,0,5.0,Ross Taylor-2007
Ross Taylor,2008,2,0,14,0,7.0,Ross Taylor-2008
Ross Taylor,2010,2,0,3,0,1.5,Ross Taylor-2010
Rovman Powell,2017,88.8,0,556,8,7.0,Rovman Powell-2017
Rovman Powell,2018,105.2,0,712,12,7.3,Rovman Powell-2018
Rovman Powell,2020,20,0,160,8,8.4,Rovman Powell-2020
Rovman Powell,2022,30,0,200,0,7.1,Rovman Powell-2022
Rovman Powell,2023,8,0,108,4,13.5,Rovman Powell-2023
Ryan McLaren,2009,42,3,222,8,5.5,Ryan McLaren-2009
Ryan McLaren,2010,49.5,3,288,9,6.2,Ryan McLaren-2010
Ryan McLaren,2012,28,1,161,6,5.9,Ryan McLaren-2012
Ryan McLaren,2013,215.5,6,1137,47,5.4,Ryan McLaren-2013
Ryan McLaren,2014,108,0,626,24,6.5,Ryan McLaren-2014
Ryan Ten Doeschate,2006,46,2,247,7,5.9,Ryan Ten Doeschate-2006
Ryan Ten Doeschate,2007,83.3,5,407,23,4.9,Ryan Ten Doeschate-2007
Ryan Ten Doeschate,2008,28,1,126,11,4.8,Ryan Ten Doeschate-2008
Ryan Ten Doeschate,2009,51.5,6,282,12,6.1,Ryan Ten Doeschate-2009
Ryan Ten Doeschate,2010,36,2,184,7,5.6,Ryan Ten Doeschate-2010
Ryan Ten Doeschate,2011,52,2,322,7,6.1,Ryan Ten Doeschate-2011
Ryan Ten Doeschate,2019,1,0,4,1,4.0,Ryan Ten Doeschate-2019
Sam Curran,2018,24,0,180,4,7.5,Sam Curran-2018
Sam Curran,2019,36,0,306,12,9.3,Sam Curran-2019
Sam Curran,2020,50,0,332,12,8.0,Sam Curran-2020
Sam Curran,2021,128.8,8,772,28,7.0,Sam Curran-2021
Sam Curran,2022,232.8,4,1636,58,7.1,Sam Curran-2022
Sam Curran,2023,98.8,6,572,22,6.1,Sam Curran-2023
Samuel Badree,2012,48,0,284,10,5.9,Samuel Badree-2012
Samuel Badree,2013,30,0,174,14,6.0,Samuel Badree-2013
Samuel Badree,2014,94,4,470,38,5.0,Samuel Badree-2014
Samuel Badree,2016,68,2,414,22,6.5,Samuel Badree-2016
Samuel Badree,2017,84,0,532,22,6.3,Samuel Badree-2017
Samuel Badree,2018,58,2,486,6,8.2,Samuel Badree-2018
Sandeep Lamichhane,2018,35,2,162,8,6.7,Sandeep Lamichhane-2018
Sandeep Lamichhane,2019,82.1,2,499,35,6.5,Sandeep Lamichhane-2019
Sandeep Lamichhane,2020,48,7,209,14,4.3,Sandeep Lamichhane-2020
Sandeep Lamichhane,2021,61,5,296,31,5.6,Sandeep Lamichhane-2021
Sandeep Lamichhane,2022,207,6,977,66,5.1,Sandeep Lamichhane-2022
Sandeep Lamichhane,2023,103.2,3,451,30,4.3,Sandeep Lamichhane-2023
Sandeep Warrier,2021,3,0,23,0,7.7,Sandeep Warrier-2021
Scott Boland,2016,130.2,3,815,19,6.5,Scott Boland-2016
Sean Abbott,2014,22,0,144,4,8.2,Sean Abbott-2014
Sean Abbott,2019,8,0,28,4,3.5,Sean Abbott-2019
Sean Abbott,2020,36,0,346,4,10.2,Sean Abbott-2020
Sean Abbott,2022,94,14,482,16,5.7,Sean Abbott-2022
Sean Abbott,2023,50,0,208,8,4.1,Sean Abbott-2023
Shakib Al Hasan,2006,348.9,30,1215,48,4.0,Shakib Al Hasan-2006
Shakib Al Hasan,2007,551.7,6,2793,78,6.1,Shakib Al Hasan-2007
Shakib Al Hasan,2008,540.3,15,2370,75,4.6,Shakib Al Hasan-2008
Shakib Al Hasan,2009,542.7,84,1965,87,3.8,Shakib Al Hasan-2009
Shakib Al Hasan,2010,777,24,3789,150,5.0,Shakib Al Hasan-2010
Shakib Al Hasan,2011,508.8,27,2253,87,4.5,Shakib Al Hasan-2011
Shakib Al Hasan,2012,216,6,1305,36,6.6,Shakib Al Hasan-2012
Shakib Al Hasan,2013,87,3,459,21,5.7,Shakib Al Hasan-2013
Shakib Al Hasan,2014,376.8,24,1593,96,4.6,Shakib Al Hasan-2014
Shakib Al Hasan,2015,465.6,9,2226,75,4.9,Shakib Al Hasan-2015
Shakib Al Hasan,2016,409.2,0,2526,102,6.7,Shakib Al Hasan-2016
Shakib Al Hasan,2017,402,3,2343,42,6.2,Shakib Al Hasan-2017
Shakib Al Hasan,2018,495,15,2487,108,5.7,Shakib Al Hasan-2018
Shakib Al Hasan,2019,357,9,1929,51,5.8,Shakib Al Hasan-2019
Shakib Al Hasan,2021,448.8,18,2160,126,5.2,Shakib Al Hasan-2021
Shakib Al Hasan,2022,414,18,2367,84,6.6,Shakib Al Hasan-2022
Shakib Al Hasan,2023,156,0,834,45,5.6,Shakib Al Hasan-2023
Shane Watson,2002,199,12,906,24,4.7,Shane Watson-2002
Shane Watson,2003,74,4,358,12,4.6,Shane Watson-2003
Shane Watson,2004,62.8,0,318,0,5.0,Shane Watson-2004
Shane Watson,2005,196.6,8,944,30,4.7,Shane Watson-2005
Shane Watson,2006,166,0,798,40,5.3,Shane Watson-2006
Shane Watson,2007,174.2,4,1014,22,5.5,Shane Watson-2007
Shane Watson,2008,76.2,2,298,18,4.2,Shane Watson-2008
Shane Watson,2009,254.4,6,1316,58,5.5,Shane Watson-2009
Shane Watson,2010,262.4,10,1502,58,6.3,Shane Watson-2010
Shane Watson,2011,320.2,4,1594,50,5.0,Shane Watson-2011
Shane Watson,2012,265.8,18,1322,68,5.2,Shane Watson-2012
Shane Watson,2013,156.8,4,974,16,6.6,Shane Watson-2013
Shane Watson,2014,92.8,2,700,10,8.7,Shane Watson-2014
Shane Watson,2015,100,0,622,8,6.7,Shane Watson-2015
Shane Watson,2016,54,0,392,18,7.8,Shane Watson-2016
Shardul Thakur,2017,13,0,74,1,5.9,Shardul Thakur-2017
Shardul Thakur,2018,49.8,0,386,13,8.3,Shardul Thakur-2018
Shardul Thakur,2019,18,0,121,2,6.7,Shardul Thakur-2019
Shardul Thakur,2020,74.1,2,602,22,8.6,Shardul Thakur-2020
Shardul Thakur,2021,44.8,0,374,15,9.0,Shardul Thakur-2021
Shardul Thakur,2022,119,6,677,24,5.7,Shardul Thakur-2022
Shardul Thakur,2023,21.2,1,137,6,6.3,Shardul Thakur-2023
Sheldon Cottrell,2014,18.2,2,140,10,6.9,Sheldon Cottrell-2014
Sheldon Cottrell,2015,48,0,440,10,9.7,Sheldon Cottrell-2015
Sheldon Cottrell,2017,32,0,162,10,4.7,Sheldon Cottrell-2017
Sheldon Cottrell,2018,54.8,2,398,18,7.7,Sheldon Cottrell-2018
Sheldon Cottrell,2019,435.4,16,2676,90,6.5,Sheldon Cottrell-2019
Sheldon Cottrell,2020,150.2,4,952,34,6.6,Sheldon Cottrell-2020
Sheldon Cottrell,2021,68,2,442,16,7.2,Sheldon Cottrell-2021
Sheldon Cottrell,2022,57,4,480,16,8.2,Sheldon Cottrell-2022
Sheldon Cottrell,2023,14,0,168,4,15.8,Sheldon Cottrell-2023
Sherfane Rutherford,2019,6,0,56,0,9.3,Sherfane Rutherford-2019
Sherfane Rutherford,2020,6,0,42,2,7.0,Sherfane Rutherford-2020
Shivam Dube,2019,99,0,910,15,10.4,Shivam Dube-2019
Shivam Dube,2020,45,0,510,10,14.2,Shivam Dube-2020
Shivam Mavi,2023,28,0,246,14,8.5,Shivam Mavi-2023
Shreyas Iyer,2017,3,0,6,0,2.0,Shreyas Iyer-2017
Shreyas Iyer,2019,3,0,39,0,13.0,Shreyas Iyer-2019
Shreyas Iyer,2022,9.9,0,72,0,6.3,Shreyas Iyer-2022
Shreyas Iyer,2023,3,0,6,0,2.0,Shreyas Iyer-2023
Siddarth Kaul,2018,99,0,654,9,6.2,Siddarth Kaul-2018
Siddarth Kaul,2019,10.2,0,135,3,12.3,Siddarth Kaul-2019
Steven Smith,2010,191.6,2,1268,50,7.3,Steven Smith-2010
Steven Smith,2011,190,0,988,28,5.4,Steven Smith-2011
Steven Smith,2012,4,0,18,0,4.5,Steven Smith-2012
Steven Smith,2013,8,0,32,0,4.0,Steven Smith-2013
Steven Smith,2014,38.6,2,200,10,5.4,Steven Smith-2014
Steven Smith,2015,4,0,38,0,9.5,Steven Smith-2015
Steven Smith,2016,8,0,72,0,9.0,Steven Smith-2016
Steven Smith,2019,8,0,64,2,9.7,Steven Smith-2019
Steven Smith,2020,2,0,16,0,8.0,Steven Smith-2020
Stuart Binny,2014,50.8,6,234,18,4.9,Stuart Binny-2014
Stuart Binny,2015,120,2,688,24,5.7,Stuart Binny-2015
Stuart Binny,2016,2,0,64,0,32.0,Stuart Binny-2016
Sudeep Tyagi,2009,16.6,2,72,2,6.4,Sudeep Tyagi-2009
Sudeep Tyagi,2010,42,6,258,4,6.0,Sudeep Tyagi-2010
Tanmay Mishra,2006,0.3,0,6,0,12.0,Tanmay Mishra-2006
Tanmay Mishra,2013,6,0,39,4,6.8,Tanmay Mishra-2013
Thisara Perera,2009,36,0,264,0,7.3,Thisara Perera-2009
Thisara Perera,2010,388,20,2072,108,6.3,Thisara Perera-2010
Thisara Perera,2011,360,24,1820,68,6.1,Thisara Perera-2011
Thisara Perera,2012,644.4,20,4020,148,6.9,Thisara Perera-2012
Thisara Perera,2013,461.6,4,3012,96,7.1,Thisara Perera-2013
Thisara Perera,2014,602,24,3524,108,6.7,Thisara Perera-2014
Thisara Perera,2015,497.2,0,3256,64,6.9,Thisara Perera-2015
Thisara Perera,2016,217.6,12,2000,56,11.1,Thisara Perera-2016
Thisara Perera,2017,442.4,0,3252,96,7.8,Thisara Perera-2017
Thisara Perera,2018,438.8,0,2908,108,7.8,Thisara Perera-2018
Thisara Perera,2019,406.8,8,2608,36,6.7,Thisara Perera-2019
Thisara Perera,2020,101.2,4,636,4,6.4,Thisara Perera-2020
Thisara Perera,2021,56,0,456,12,10.9,Thisara Perera-2021
Tim David,2019,21.8,0,202,3,9.5,Tim David-2019
Tim David,2020,5,0,53,2,10.3,Tim David-2020
Tim Southee,2008,421.6,16,2244,100,5.8,Tim Southee-2008
Tim Southee,2009,515.2,20,3204,64,7.4,Tim Southee-2009
Tim Southee,2010,524.4,20,3324,104,7.2,Tim Southee-2010
Tim Southee,2011,446,36,2116,100,4.6,Tim Southee-2011
Tim Southee,2012,575.2,32,3444,124,6.6,Tim Southee-2012
Tim Southee,2013,292,36,1488,52,5.5,Tim Southee-2013
Tim Southee,2014,363.2,20,2284,64,6.8,Tim Southee-2014
Tim Southee,2015,630.4,36,3896,116,6.4,Tim Southee-2015
Tim Southee,2016,383.2,28,2036,56,5.3,Tim Southee-2016
Tim Southee,2017,555.2,20,3508,88,6.7,Tim Southee-2017
Tim Southee,2018,556,28,3324,92,6.5,Tim Southee-2018
Tim Southee,2019,332,4,2440,84,7.5,Tim Southee-2019
Tim Southee,2020,253.2,8,1956,64,8.1,Tim Southee-2020
Tim Southee,2021,258,0,1884,96,7.2,Tim Southee-2021
Tim Southee,2022,498,24,3100,148,6.7,Tim Southee-2022
Tim Southee,2023,96.4,4,576,24,5.9,Tim Southee-2023
Tom Curran,2017,44,2,326,14,7.9,Tom Curran-2017
Tom Curran,2018,170,4,1174,36,7.4,Tom Curran-2018
Tom Curran,2019,134.4,4,946,36,8.4,Tom Curran-2019
Tom Curran,2020,182,8,1310,22,8.2,Tom Curran-2020
Tom Curran,2021,100,0,638,18,7.5,Tom Curran-2021
Travis Head,2016,153,0,927,18,6.7,Travis Head-2016
Travis Head,2017,208.2,0,1149,21,5.8,Travis Head-2017
Travis Head,2018,31.5,0,252,0,8.4,Travis Head-2018
Travis Head,2022,45,0,294,6,7.0,Travis Head-2022
Trent Boult,2012,295.8,12,1386,36,4.7,Trent Boult-2012
Trent Boult,2013,114,6,930,12,9.0,Trent Boult-2013
Trent Boult,2014,216,18,1230,72,5.8,Trent Boult-2014
Trent Boult,2015,960.6,114,4272,216,4.4,Trent Boult-2015
Trent Boult,2016,865.2,36,4950,192,6.1,Trent Boult-2016
Trent Boult,2017,991.2,42,5652,252,6.2,Trent Boult-2017
Trent Boult,2018,820.2,30,5484,198,7.2,Trent Boult-2018
Trent Boult,2019,1200,96,5886,240,5.2,Trent Boult-2019
Trent Boult,2020,108,0,678,0,7.6,Trent Boult-2020
Trent Boult,2021,521.4,6,3168,168,6.5,Trent Boult-2021
Trent Boult,2022,600,66,3150,180,5.8,Trent Boult-2022
Tymal Mills,2016,8,0,44,0,5.5,Tymal Mills-2016
Tymal Mills,2017,24,0,188,6,7.8,Tymal Mills-2017
Tymal Mills,2018,6,2,26,0,4.3,Tymal Mills-2018
Tymal Mills,2021,26.6,0,216,14,8.7,Tymal Mills-2021
Tymal Mills,2022,24.2,0,274,4,11.5,Tymal Mills-2022
Umesh Yadav,2010,110,5,645,5,5.7,Umesh Yadav-2010
Umesh Yadav,2011,251,10,1495,50,6.0,Umesh Yadav-2011
Umesh Yadav,2012,325,5,2185,40,7.0,Umesh Yadav-2012
Umesh Yadav,2013,401,25,2335,60,5.7,Umesh Yadav-2013
Umesh Yadav,2014,356,15,1905,85,5.4,Umesh Yadav-2014
Umesh Yadav,2015,549,30,3160,125,5.9,Umesh Yadav-2015
Umesh Yadav,2016,442.5,10,2905,75,6.6,Umesh Yadav-2016
Umesh Yadav,2017,334,15,1940,75,5.8,Umesh Yadav-2017
Umesh Yadav,2018,287.5,0,2175,60,8.0,Umesh Yadav-2018
Umesh Yadav,2019,20,0,175,0,8.8,Umesh Yadav-2019
Umesh Yadav,2022,25,0,305,15,12.4,Umesh Yadav-2022
Varun Aaron,2011,112.4,4,624,24,5.5,Varun Aaron-2011
Varun Aaron,2014,138.8,0,1052,20,7.5,Varun Aaron-2014
Venkatesh Iyer,2021,3,0,12,1,4.0,Venkatesh Iyer-2021
Venkatesh Iyer,2022,11.1,0,91,4,8.1,Venkatesh Iyer-2022
Virender Sehwag,1999,3,0,35,0,11.7,Virender Sehwag-1999
Virender Sehwag,2000,8,0,37,2,4.6,Virender Sehwag-2000
Virender Sehwag,2001,95.4,3,495,11,5.3,Virender Sehwag-2001
Virender Sehwag,2002,108.6,1,586,13,5.9,Virender Sehwag-2002
Virender Sehwag,2003,59.5,2,305,10,4.9,Virender Sehwag-2003
Virender Sehwag,2004,114,5,583,15,5.3,Virender Sehwag-2004
Virender Sehwag,2005,99.5,1,563,15,5.9,Virender Sehwag-2005
Virender Sehwag,2006,60,0,284,5,6.0,Virender Sehwag-2006
Virender Sehwag,2007,40,0,229,5,7.0,Virender Sehwag-2007
Virender Sehwag,2008,56.5,0,316,8,5.6,Virender Sehwag-2008
Virender Sehwag,2009,33,0,167,4,5.3,Virender Sehwag-2009
Virender Sehwag,2010,26.5,0,136,4,5.3,Virender Sehwag-2010
Virender Sehwag,2012,27,1,137,4,5.0,Virender Sehwag-2012
Wanindu Hasaranga,2017,32.3,0,227,9,7.0,Wanindu Hasaranga-2017
Wanindu Hasaranga,2018,10,0,69,0,6.6,Wanindu Hasaranga-2018
Wanindu Hasaranga,2019,49.4,1,337,16,8.1,Wanindu Hasaranga-2019
Wanindu Hasaranga,2020,42,2,208,8,5.7,Wanindu Hasaranga-2020
Wanindu Hasaranga,2021,198,7,971,48,5.2,Wanindu Hasaranga-2021
Wanindu Hasaranga,2022,121,1,791,44,7.2,Wanindu Hasaranga-2022
Wanindu Hasaranga,2023,59,0,367,5,7.0,Wanindu Hasaranga-2023
Washington Sundar,2017,14,0,87,2,6.0,Washington Sundar-2017
Washington Sundar,2018,24,0,147,9,6.1,Washington Sundar-2018
Washington Sundar,2019,35,1,248,5,7.1,Washington Sundar-2019
Washington Sundar,2020,25,0,195,6,8.1,Washington Sundar-2020
Washington Sundar,2021,15.3,0,138,4,9.4,Washington Sundar-2021
Washington Sundar,2022,62,1,288,14,4.9,Washington Sundar-2022
Washington Sundar,2023,23,1,145,5,5.8,Washington Sundar-2023
Wayne Parnell,2009,107.8,7,654,33,6.1,Wayne Parnell-2009
Wayne Parnell,2010,60.5,1,428,10,7.2,Wayne Parnell-2010
Wayne Parnell,2011,34,1,194,2,5.8,Wayne Parnell-2011
Wayne Parnell,2012,64.7,2,355,7,7.6,Wayne Parnell-2012
Wayne Parnell,2013,57.9,4,352,16,6.4,Wayne Parnell-2013
Wayne Parnell,2014,93.8,4,577,23,6.9,Wayne Parnell-2014
Wayne Parnell,2015,40.5,0,288,12,7.6,Wayne Parnell-2015
Wayne Parnell,2016,49.5,2,295,11,5.9,Wayne Parnell-2016
Wayne Parnell,2017,98.1,2,633,21,7.4,Wayne Parnell-2017
Wayne Parnell,2021,1,0,5,0,5.0,Wayne Parnell-2021
Wayne Parnell,2022,66.5,2,452,19,6.8,Wayne Parnell-2022
Wayne Parnell,2023,41.5,2,290,4,8.6,Wayne Parnell-2023
Yusuf Pathan,2007,2,0,10,0,5.0,Yusuf Pathan-2007
Yusuf Pathan,2008,94.8,0,552,12,7.0,Yusuf Pathan-2008
Yusuf Pathan,2009,167.8,0,1120,34,6.7,Yusuf Pathan-2009
Yusuf Pathan,2010,162,2,996,32,7.0,Yusuf Pathan-2010
Yusuf Pathan,2011,158,4,850,14,5.8,Yusuf Pathan-2011
Yusuf Pathan,2012,12,0,78,0,7.5,Yusuf Pathan-2012
Yuzvendra Chahal,2016,36,4,166,9,5.4,Yuzvendra Chahal-2016
Yuzvendra Chahal,2017,162.3,6,925,44,6.2,Yuzvendra Chahal-2017
Yuzvendra Chahal,2018,207.7,3,1165,47,6.3,Yuzvendra Chahal-2018
Yuzvendra Chahal,2019,176.6,0,1129,37,7.1,Yuzvendra Chahal-2019
Yuzvendra Chahal,2020,74,1,582,14,8.4,Yuzvendra Chahal-2020
Yuzvendra Chahal,2021,40,1,266,10,7.3,Yuzvendra Chahal-2021
Yuzvendra Chahal,2022,172.3,0,1105,44,7.0,Yuzvendra Chahal-2022
Yuzvendra Chahal,2023,28.2,1,191,7,7.4,Yuzvendra Chahal-2023
Zaheer Khan,2000,229,8,1052,36,4.6,Zaheer Khan-2000
Zaheer Khan,2001,270,10,1346,48,5.0,Zaheer Khan-2001
Zaheer Khan,2002,378.6,32,1826,76,4.8,Zaheer Khan-2002
Zaheer Khan,2003,374.4,26,1714,76,4.8,Zaheer Khan-2003
Zaheer Khan,2004,204,10,1170,28,5.7,Zaheer Khan-2004
Zaheer Khan,2005,247.8,20,1156,40,4.7,Zaheer Khan-2005
Zaheer Khan,2006,136.4,12,794,22,5.9,Zaheer Khan-2006
Zaheer Khan,2007,565.6,44,2792,80,4.9,Zaheer Khan-2007
Zaheer Khan,2008,171.6,28,664,34,3.8,Zaheer Khan-2008
Zaheer Khan,2009,264.8,12,1622,46,6.5,Zaheer Khan-2009
Zaheer Khan,2010,182.6,16,1026,26,6.2,Zaheer Khan-2010
Zaheer Khan,2011,254.2,12,1240,60,4.8,Zaheer Khan-2011
Zaheer Khan,2012,194,4,1096,26,6.1,Zaheer Khan-2012
